time,r,Rn_mean_Wm2,H_mean_Wm2,LE_mean_Wm2,G_mean_Wm2,Residual_mean_Wm2,Closure_frac,Residual_frac_of_Rn,area_m2,perimeter_m,area_ha,area_acres,centroid_x,centroid_y,centroid_out_x,centroid_out_y,centroid_lon,centroid_lat,layer,ET_mean_mmhr,ET_sum_mm
2023-09-27T00:00:00,0.9,-56.1572144,6.548180133333334,-660.6590295399999,2.7445001533333335,595.2091348533331,11.598978977371306,-10.598978977371305,50462.5,943.7615433949898,5.04625,12.469555319681938,589012.2685119038,4442359.688299554,589012.4851353625,4442359.009078328,-109.95528384670195,40.126851517388054,daily_mean_r90,-0.9707008955921244,-7.280256716940933
2023-09-28T00:00:00,0.9,82.14510220005286,6.129002770833334,-1007.2377066965278,-205.82872460833335,1289.0825307340806,-14.69274973442362,15.69274973442362,43762.5,825.477272147528,4.37625,10.813949262870068,589015.27951934,4442345.131711269,589015.4961136044,4442344.452482194,-109.95525052041519,40.12672007135016,daily_mean_r90,-0.9707008955921244,-7.280256716940933
2023-09-29T00:00:00,0.9,81.19915604166667,5.4474570625,-799.2271707375002,1.7812897020833336,873.1975800145835,-9.753776548693553,10.753776548693555,56562.5,1039.1168824543174,5.65625,13.97689814752558,589057.2179772555,4442305.54819335,589057.434503807,4442304.868849843,-109.95476383877222,40.12635905779315,daily_mean_r90,-0.9707008955921244,-7.280256716940933
2023-09-30T00:00:00,0.9,44.55406383333334,5.925786854166667,-1007.9145024999999,2.3493920708333333,1044.1933874083334,-22.43654646890179,23.43654646890179,45087.5,959.1168824543172,4.50875,11.141363893508235,589036.8132857439,4442325.667969548,589037.0298470042,4442324.988681732,-109.95500050892697,40.12654245985261,daily_mean_r90,-0.9707008955921244,-7.280256716940933
2023-10-01T00:00:00,0.9,22.431008158333338,10.150519645833334,-1199.5462867570834,2.48228813125,1209.3444871383333,-52.91396046945175,53.91396046945175,40962.5,845.9797974644686,4.09625,10.122054194351675,589022.6156460905,4442304.644922152,589022.8321588171,4442303.965674076,-109.95517001605288,40.126354585416685,daily_mean_r90,-0.9707008955921244,-7.280256716940933
2023-10-02T00:00:00,0.9,92.26433085416666,9.976813395833332,-998.9565139229165,1.7768868291666664,1079.4671445520833,-10.699723333584817,11.699723333584817,39387.5,805.4772721475279,3.93875,9.732863218310078,589032.1230663763,4442336.130819725,589032.3396477372,4442335.451544532,-109.95505410473231,40.12663720695872,daily_mean_r90,-0.9707008955921244,-7.280256716940933
2023-10-03T00:00:00,0.9,70.69469604166666,7.999400729166666,-1000.361434975,1.0929365479166666,1061.9637937395833,-14.021831243374663,15.021831243374661,27037.5,702.3401871576788,2.70375,6.681111755380735,589008.9594823858,4442336.384692212,589009.1760563161,4442335.705480807,-109.95532589171306,40.126641946380964,daily_mean_r90,-0.9707008955921244,-7.280256716940933
2023-10-04T00:00:00,0.9,75.44031754166666,8.542406520833334,-2048.519652366667,1.4596446354166666,2113.9579187520835,-27.02159359396277,28.02159359396277,26537.5,689.9137802864858,2.65375,6.55755906457388,589006.2422652643,4442350.166911042,589006.458866886,4442349.487706694,-109.95535587729844,40.12676638569845,daily_mean_r90,-0.9707008955921244,-7.280256716940933
2023-10-05T00:00:00,0.9,76.248006125,8.184912916666667,-3306.5074559964582,1.2219653041666667,3373.348583900625,-43.24179405256054,44.24179405256054,41312.5,930.8326112068552,4.13125,10.208541077916474,589030.246034526,4442355.725973534,589030.4626559151,4442355.046702949,-109.95507342846665,40.12681392089322,daily_mean_r90,-0.9707008955921244,-7.280256716940933
2023-10-06T00:00:00,0.9,85.96350127083333,8.07165475,-1626.663378,3.0446671104166665,1701.5105574104166,-18.793406879155633,19.793406879155633,40637.5,895.4772721475273,4.06375,10.041744945327217,589030.9797837365,4442338.730279637,589031.1963701005,4442338.051007519,-109.95506716244246,40.1266607442264,daily_mean_r90,-0.9707008955921244,-7.280256716940933
2023-10-07T00:00:00,0.9,80.27729687499999,7.662079375,-596.7658263749998,1.7612370645833335,667.6198068104165,-7.3164211152995,8.316421115299502,32987.5,838.4062043356618,3.29875,8.151388775982321,589041.8753437719,4442361.886899467,589042.0919819281,4442361.2075967025,-109.95493610954604,40.12686818763896,daily_mean_r90,-0.9707008955921244,-7.280256716940933
2023-10-08T00:00:00,0.9,84.3017338125,7.611714958333333,-584.2537301145834,2.8057824312500004,658.1379665375,-6.806932749465153,7.806932749465152,41137.5,944.2640687119308,4.11375,10.165297636134074,589033.6071279775,4442352.750418173,589033.8237443423,4442352.071138419,-109.9550343967967,40.12678676086978,daily_mean_r90,-0.9707008955921244,-7.280256716940933
2023-10-09T00:00:00,0.9,77.52296308333334,5.7099993125,-385.1713125125,3.33672331875,453.64755296458327,-4.851782941745076,5.851782941745076,30837.5,755.9797974644691,3.08375,7.620112205512841,589026.110207213,4442371.874250002,589026.3268607052,4442371.1949903285,-109.95511973458913,40.12695982417089,daily_mean_r90,-0.9707008955921244,-7.280256716940933
2023-10-10T00:00:00,0.9,78.22483452083333,5.961352166666667,-390.3017443333333,3.10534708125,459.45987960624996,-4.873580716669765,5.873580716669765,51812.5,930.8326112068554,5.18125,12.803147584860447,589036.6503740054,4442353.328063251,589036.8669926117,4442352.648775107,-109.95499860489109,40.12679164208921,daily_mean_r90,-0.9707008955921244,-7.280256716940933
2023-10-11T00:00:00,0.9,53.746114750000004,7.9196723958333335,80.7568916875,3.4841070916666665,-38.414556425,1.7147410860056633,-0.7147410860056633,18012.5,533.3452377915615,1.80125,4.450985686316986,588993.8557053647,4442351.721195326,588994.072305969,4442351.042025024,-109.9555010181225,40.126781698021425,daily_mean_r90,-0.9707008955921244,-7.280256716940933
2023-10-12T00:00:00,0.9,87.17588104166667,6.640177145833334,-324.3010818958334,1.4144103249999997,403.4223754666668,-3.627683375793433,4.627683375793433,18637.5,671.6295090390239,1.86375,4.605426549825555,589011.9115149694,4442335.802954753,589012.1280887059,4442335.123735236,-109.95529133017726,40.1266363935096,daily_mean_r90,-0.9707008955921244,-7.280256716940933
2023-10-13T00:00:00,0.9,87.36997138543848,5.98667975,-1007.5931198729166,3.0898619874999995,1085.8865495208552,-11.428601409635284,12.428601409635284,35362.5,828.9087296526035,3.53625,8.738264057314888,589098.8500550118,4442309.351032434,589099.0666038216,4442308.6715740515,-109.95427476828105,40.12638890343371,daily_mean_r90,-0.9707008955921244,-7.280256716940933
2023-10-14T00:00:00,0.9,42.16860223307081,5.507801125,-1022.6331854416667,2.7882601249999994,1056.5057264247375,-24.0543217103879,25.0543217103879,30837.5,815.9797974644688,3.08375,7.620112205512841,589030.4552281563,4442352.998422409,589030.6718439554,4442352.319151323,-109.95507134984655,40.12678932867903,daily_mean_r90,-0.9707008955921244,-7.280256716940933
2023-10-15T00:00:00,0.9,67.40276883714932,5.513430354166666,-1009.8305386062499,2.2703187375000002,1069.4495583517325,-14.86655232124976,15.86655232124976,37037.5,814.2640687119307,3.70375,9.152165571517855,589030.5904720323,4442342.473084193,589030.8070660308,4442341.793813039,-109.95507121467683,40.126694501021916,daily_mean_r90,-0.9707008955921244,-7.280256716940933
2023-10-16T00:00:00,0.9,63.64090516560727,5.870158479166666,-803.5476519629168,1.5708416812500001,859.7475569681073,-12.509354631755473,13.509354631755473,44862.5,879.6194077712589,4.48625,11.08576518264515,589025.7628585347,4442348.692925457,589025.979463788,4442348.013667416,-109.95512700826959,40.12675104117962,daily_mean_r90,-0.9707008955921244,-7.280256716940933
2023-10-17T00:00:00,0.9,57.04127417079334,5.688066541666667,-586.7736012229166,2.1051399875,636.0216688645432,-10.150200939764478,11.15020093976448,45637.5,868.4062043356622,4.56375,11.277271853395778,589028.4171476421,4442330.534308504,589028.6337161132,4442329.855043682,-109.95509836524002,40.12658718542267,daily_mean_r90,-0.9707008955921244,-7.280256716940933
2023-10-18T00:00:00,0.9,57.96931178771328,5.459376125000001,-601.6544827041668,2.177903264583333,651.9865151022967,-10.24709773146706,11.24709773146706,50662.5,987.4011537017795,5.06625,12.51897639600468,589040.0760042092,4442363.819527134,589040.292645759,4442363.140229266,-109.95495695803402,40.12688578750361,daily_mean_r90,-0.9707008955921244,-7.280256716940933
2023-10-19T00:00:00,0.9,54.62001169629948,6.405761770833333,-1853.5867818129166,1.8312558333333335,1899.9697759050496,-33.78523194885681,34.78523194885682,43537.5,901.126983722083,4.35375,10.758350552006982,589031.7619317117,4442364.223082909,589031.9785712555,4442363.543807907,-109.95505446739728,40.12689030321222,daily_mean_r90,-0.9707008955921244,-7.280256716940933
2023-10-20T00:00:00,0.9,51.51549694471396,5.687396229166666,-1008.5045630312499,2.165395541666667,1052.1672682051305,-19.42428648867172,20.42428648867172,39862.5,838.9087296526031,3.98625,9.85023827457659,589015.5908603007,4442354.136313848,589015.8074733686,4442353.457083644,-109.9552456249395,40.12680115278418,daily_mean_r90,-0.9707008955921244,-7.280256716940933
2023-10-21T00:00:00,0.9,51.87131517942938,5.8182491875,-175.80914175583328,2.72029551875,219.14191222901266,-3.224722497800052,4.224722497800053,55337.5,994.9747468305864,5.53375,13.674194055048783,589026.8248051039,4442350.074142143,589027.0414135883,4442349.394881137,-109.95511435590618,40.12676337087821,daily_mean_r90,-0.9707008955921244,-7.280256716940933
2023-10-22T00:00:00,0.9,54.508195054967274,5.936766729166666,-812.8734787125,2.4764317958333333,858.9684752424672,-14.758519877171944,15.758519877171944,41062.5,899.4112549695448,4.10625,10.146764732513045,589035.7318757442,4442352.065770868,589035.9484914154,4442351.386485286,-109.95500955752189,40.12678036849538,daily_mean_r90,-0.9707008955921244,-7.280256716940933
2023-10-23T00:00:00,0.9,50.51163813331971,6.435749708333333,-158.62399747916666,3.0178850708333336,199.6820008333197,-2.953187982268202,3.953187982268202,40737.5,870.1219330882001,4.07375,10.066455483488589,589018.3001226898,4442330.336668666,589018.5166872713,4442329.657431718,-109.95521711453324,40.126586476264094,daily_mean_r90,-0.9707008955921244,-7.280256716940933
2023-10-24T00:00:00,0.9,37.475595695023536,7.081901562500001,-1010.7194668083333,2.2749792291666666,1038.8381817116901,-26.720391429285264,27.720391429285264,44337.5,880.3300858899142,4.43375,10.956034857297952,589014.9988181952,4442345.675197966,589015.2154134916,4442344.9959696485,-109.95525373945742,40.126724996853234,daily_mean_r90,-0.9707008955921244,-7.280256716940933
2023-10-25T00:00:00,0.9,44.26577844418549,5.855468625,-786.9716878166668,2.3723743375,823.0096232983523,-17.592457926298103,18.592457926298103,54787.5,977.4011537017795,5.47875,13.538286095161242,589011.9232476593,4442323.109209764,589012.1397950388,4442322.429990604,-109.95529294313747,40.12652204568742,daily_mean_r90,-0.9707008955921244,-7.280256716940933
2023-10-26T00:00:00,0.9,29.616063033557463,4.9631451250000005,-358.81455068958326,2.0033522583333334,381.4641163398074,-11.88031146839392,12.880311468393918,36562.5,800.1219330882,3.65625,9.034790515251341,589001.3490361082,4442333.005500798,589001.5656004034,4442332.32631046,-109.95541566541725,40.12661231191016,daily_mean_r90,-0.9707008955921244,-7.280256716940933
2023-10-27T00:00:00,0.9,42.126833393108676,3.4137996249999993,-192.01158537083333,1.44771120625,229.276907932692,-4.442538388612857,5.442538388612857,41612.5,879.4112549695446,4.16125,10.282672692400586,589020.4740250892,4442346.18853054,589020.69062333,4442345.509287132,-109.95518941764985,40.1267290413193,daily_mean_r90,-0.9707008955921244,-7.280256716940933
2023-10-28T00:00:00,0.9,15.296610169427078,5.3089759375000005,-2493.9877309,1.4472824270833335,2502.5280827048437,-162.60017382848517,163.60017382848514,41237.5,939.1168824543171,4.12375,10.190008174295444,589085.1332619246,4442327.991191359,589085.3498446337,4442327.311770356,-109.95443315980474,40.126558269346866,daily_mean_r90,-0.9707008955921244,-7.280256716940933
2023-10-29T00:00:00,0.9,52.52253700327094,3.1213699583333336,-400.3423440666667,1.8063572645833332,447.937153847021,-7.528475191880485,8.528475191880485,44937.5,996.6904755831243,4.49375,11.104298086266178,589082.7237354565,4442333.481426529,589082.9403287155,4442332.802012034,-109.9544606774994,40.126607981241875,daily_mean_r90,-0.9707008955921244,-7.280256716940933
2023-10-30T00:00:00,0.9,29.206515882988707,2.5583405,-1449.0018303208335,1.1881367791666666,1474.4618689246556,-49.48400414591916,50.48400414591916,33587.5,783.5533905932755,3.35875,8.299652004950548,589031.6857597234,4442350.490911408,589031.9023707404,4442349.811637009,-109.95505725556934,40.1267666104584,daily_mean_r90,-0.9707008955921244,-7.280256716940933
2023-10-31T00:00:00,0.9,33.499687166595145,2.4189155208333335,-1238.9268241624998,1.3306136083333333,1268.6769821999283,-36.87130834657506,37.87130834657506,37887.5,838.1980515339485,3.78875,9.36220514588951,589036.2112135983,4442349.231057372,589036.427823551,4442348.551770551,-109.95500432359228,40.126754782343106,daily_mean_r90,-0.9707008955921244,-7.280256716940933
2023-11-01T00:00:00,0.9,28.053385418502383,2.670041083333333,-1030.9754253870833,1.4786904625000001,1054.8800792597524,-36.60259460749485,37.60259460749485,40662.5,845.979797464469,4.06625,10.04792257986756,589029.7842771258,4442338.17910676,589030.0008619352,4442337.49983795,-109.9550812676089,40.126655905795836,daily_mean_r90,-0.9707008955921244,-7.280256716940933
2023-11-02T00:00:00,0.9,36.578220163544614,2.8570565625,-1865.3169708608336,1.8510837854166668,1897.1870506764615,-50.866576399670684,51.866576399670684,36862.5,805.2691193458138,3.68625,9.108922129735456,589033.147953893,4442350.55726194,589033.3645655477,4442349.877983514,-109.9550400877047,40.12676705331541,daily_mean_r90,-0.9707008955921244,-7.280256716940933
2023-11-03T00:00:00,0.9,36.81491389845206,4.509692770833333,-1860.1876173833332,1.8274676020833336,1890.6653709088685,-50.35596340450397,51.35596340450397,48912.5,878.4062043356623,4.89125,12.086541978180684,589040.3715441776,4442342.0610904405,589040.588140679,4442341.381792365,-109.95495649167202,40.12668975396416,daily_mean_r90,-0.9707008955921244,-7.280256716940933
2023-11-04T00:00:00,0.9,33.20514037301407,5.6251560625,-1654.6236640929171,1.6144273083333331,1680.5892210950979,-49.6123209303135,50.6123209303135,45262.5,983.7615433949899,4.52625,11.184607335290636,589033.3060915797,4442346.194421206,589033.5226942346,4442345.515142468,-109.95503883381905,40.12672773564916,daily_mean_r90,-0.9707008955921244,-7.280256716940933
2023-11-05T00:00:00,0.9,26.885298996481797,5.060680854166667,-1234.7783620962502,1.6244318583333335,1254.978548380232,-45.67898796827434,46.67898796827434,42987.5,903.2590180780485,4.29875,10.622442592119441,589027.8830058486,4442346.757323904,589028.0996078112,4442346.078060082,-109.95510239554055,40.126733380586764,daily_mean_r90,-0.9707008955921244,-7.280256716940933
2023-11-06T00:00:00,0.9,21.380836062394724,4.6399705,-1028.1097265625,2.6262539604166664,1042.2243381644782,-47.74572421410473,48.74572421410473,47562.5,902.5483399593932,4.75625,11.752949713002172,589025.8713844949,4442334.075069631,589026.0879594414,4442333.395811719,-109.9551277510577,40.1266193505264,daily_mean_r90,-0.9707008955921244,-7.280256716940933
2023-11-07T00:00:00,0.9,18.189372105348504,4.953695875,-1653.214,1.7897700895833333,1664.659906140765,-90.51827212613235,91.51827212613235,40387.5,874.0559159102173,4.03875,9.97996859992379,589058.2700437338,4442355.729811364,589058.4866747293,4442355.050463647,-109.95474456860532,40.12681098753206,daily_mean_r90,-0.9707008955921244,-7.280256716940933
2023-11-08T00:00:00,0.9,54.335562711116005,-828.6830220243056,-1431.788548495625,-831.4277693645832,3146.23490259563,-56.90378797258635,57.90378797258634,45962.5,870.8326112068553,4.59625,11.357581102420234,589090.6194229041,4442307.528677671,589090.8359650958,4442306.849242022,-109.95437160496978,40.12637335963688,daily_mean_r90,-0.9707008955921244,-7.280256716940933
2023-11-09T00:00:00,0.9,16.710510652769074,3.030494375,-194.05874895804172,0.8874458416666666,206.85131939414413,-11.378515755284061,12.378515755284061,35462.5,872.0458146424515,3.54625,8.762974595476258,589031.9978422779,4442337.3291804185,589032.214426083,4442336.649905537,-109.95505540891439,40.12664801517621,daily_mean_r90,-0.9707008955921244,-7.280256716940933
2023-11-10T00:00:00,0.9,14.795065654317925,2.5883282083333334,-1450.2063007645836,1.1177004750000001,1461.2953377355682,-97.76910125837058,98.7691012583706,37837.5,852.3401871576792,3.78375,9.349849876808824,589026.6006723793,4442351.57290315,589026.8172838979,4442350.893642717,-109.95511677934685,40.126776895605076,daily_mean_r90,-0.9707008955921244,-7.280256716940933
2023-11-11T00:00:00,0.9,20.536401037615565,2.238917333333333,-1242.4534119802292,1.1663348479166666,1259.5845608365948,-60.33424052877973,61.33424052877974,39137.5,876.6904755831241,3.91375,9.671086872906649,589027.809677375,4442335.893062183,589028.0262567608,4442335.213798878,-109.95510475464926,40.12663552195515,daily_mean_r90,-0.9707008955921244,-7.280256716940933
2023-11-12T00:00:00,0.9,17.597736999202407,2.2859206666666667,-616.94697445,1.0481122583333333,631.2106785242024,-34.86885510067636,35.86885510067636,34362.5,810.6244584051412,3.43625,8.491158675701175,589017.8511251865,4442351.401453792,589018.0677333504,4442350.722217449,-109.95521947813151,40.12677627757748,daily_mean_r90,-0.9707008955921244,-7.280256716940933
2023-11-13T00:00:00,0.9,15.840816090331737,2.4714613333333335,-1242.8431057906248,1.11513996875,1255.0973205788732,-78.23185986263091,79.23185986263093,43587.5,884.7665940288726,4.35875,10.770705821087668,589029.4247236216,4442343.287469108,589029.641318911,4442342.608201141,-109.9550847822734,40.12670196052602,daily_mean_r90,-0.9707008955921244,-7.280256716940933
2023-11-14T00:00:00,0.9,20.704718643579287,2.9966260833333336,-1660.156183146458,1.0230789645833334,1676.8411967421207,-79.98835949466638,80.98835949466638,46487.5,944.9747468305861,4.64875,11.487311427767432,589022.5290514905,4442354.354287925,589022.7456673885,4442353.675038618,-109.95516417580477,40.12680238172395,daily_mean_r90,-0.9707008955921244,-7.280256716940933
2023-11-15T00:00:00,0.9,24.609368506379212,4.1050697708333335,-1866.3126946223335,1.2362636104166669,1885.5807297474628,-75.6204435216891,76.6204435216891,47262.5,894.2640687119308,4.72625,11.67881809851806,589011.3717444913,4442358.218292609,589011.5883645914,4442357.539073893,-109.95529457293313,40.126838370351905,daily_mean_r90,-0.9707008955921244,-7.280256716940933
2023-11-16T00:00:00,0.9,52.35691026467324,7.79593975,-1634.2516939979166,2.4451105500000003,1676.3675539625897,-31.018076419870113,32.01807641987011,49612.5,900.1219330882001,4.96125,12.259515745310281,589035.9031736223,4442339.2691472685,589036.119762796,4442338.589861576,-109.95500931267533,40.12666507704749,daily_mean_r90,-0.9707008955921244,-7.280256716940933
2023-11-17T00:00:00,0.9,14.06896985152192,6.751640124999999,-5820.390096195834,1.2232221125,5826.484203809856,-413.1372300388839,414.1372300388839,49012.5,1024.472221513645,4.90125,12.111252516342054,589021.3205411751,4442350.858865332,589021.5371494018,4442350.179619457,-109.95517883969096,40.12677102255191,daily_mean_r90,-0.9707008955921244,-7.280256716940933
2023-11-18T00:00:00,0.9,12.060246317941717,6.270321916666667,-3323.098104246875,4.880360322916667,3324.0076683252337,-274.6168970927396,275.6168970927396,44112.5,844.7665940288723,4.41125,10.900436146434867,589023.0047045663,4442349.15341092,589023.2213098304,4442348.474160456,-109.95515931142621,40.12675548132182,daily_mean_r90,-0.9707008955921244,-7.280256716940933
2023-11-19T00:00:00,0.9,36.1077672516133,7.146367416666666,-2689.100018237917,2.336420522916667,2715.724997549947,-74.21165677804704,75.21165677804706,40587.5,834.2640687119309,4.05875,10.029389676246533,589023.1731055758,4442341.259182437,589023.3896945086,4442340.579931744,-109.95515842412428,40.126684351461776,daily_mean_r90,-0.9707008955921244,-7.280256716940933
2023-11-20T00:00:00,0.9,15.617383715548698,4.964044354166667,-181.28987339166665,0.69574631875,191.24746643429867,-11.245806974947559,12.245806974947559,22512.5,791.1269837220825,2.25125,5.562959903578689,589041.2959111424,4442339.549209657,589041.5125027488,4442338.869909107,-109.95494599086368,40.12666702879017,daily_mean_r90,-0.9707008955921244,-7.280256716940933
2023-11-21T00:00:00,0.9,19.836677425088226,4.621630020833333,-1447.8446304562501,1.0694586791666667,1461.9902191813385,-72.70136580092299,73.70136580092299,27262.5,770.6244584051411,2.72625,6.736710466243821,589026.6582146394,4442347.950158628,589026.8748186581,4442347.270898142,-109.95511660380721,40.12674425545417,daily_mean_r90,-0.9707008955921244,-7.280256716940933
2023-11-22T00:00:00,0.9,21.037775625000002,4.547977854166667,-3949.3823589568747,1.60418743125,3964.267969296458,-187.4356996652044,188.4356996652044,40462.5,878.9087296526033,4.04625,9.998501503544817,589006.2382425058,4442340.219675445,589006.4548234665,4442339.540471416,-109.95535729628786,40.12667678038793,daily_mean_r90,-0.9707008955921244,-7.280256716940933
2023-11-23T00:00:00,0.9,6.881869379166667,4.7785485625,-2078.0248634970835,3.13592870625,2076.9922556075003,-300.80640479680324,301.8064047968033,42787.5,878.4062043356622,4.27875,10.573021515796698,589033.3192164621,4442339.730979282,589033.5358057058,4442339.051700694,-109.95503957141695,40.12666951090562,daily_mean_r90,-0.9707008955921244,-7.280256716940933
2023-11-24T00:00:00,0.9,8.8936373125,-3746.9456521541665,-4162.828999318333,-3744.383382240625,11663.051671025625,-1310.3927700462011,1311.3927700462011,27837.5,724.2640687119309,2.78375,6.878796060671705,589126.6202785783,4442362.870910942,589126.8369477759,4442362.191374958,-109.95394149855974,40.126868072602846,daily_mean_r90,-0.9707008955921244,-7.280256716940933
2023-11-25T00:00:00,0.9,13.615493289583332,3.2312440208333335,-3536.8585024766667,4.432731995833333,3542.8100197495833,-259.20430875317936,260.20430875317936,37762.5,834.7665940288722,3.77625,9.331316973187796,589094.2930229302,4442322.676743553,589094.509597779,4442321.997297433,-109.95432640483027,40.12650942569331,daily_mean_r90,-0.9707008955921244,-7.280256716940933
2023-11-26T00:00:00,0.9,2.6229628375000003,3.542897625,5.302793775,0.79752328125,-7.020251843749999,3.6764587524393386,-2.6764587524393386,28837.5,734.2640687119307,2.88375,7.125901442285417,589111.6301500722,4442305.964452924,589111.84669628,4442305.28495938,-109.95412526350779,40.126357042376824,daily_mean_r90,-0.9707008955921244,-7.280256716940933
2023-11-27T00:00:00,0.9,-1.7502830895833335,3.636316041666667,4.8826125875,1.1178280375,-11.387039756250001,-5.505827442440046,6.505827442440046,43437.5,884.9747468305861,4.34375,10.73364001384561,589097.8174777641,4442320.959285473,589098.0340502686,4442320.279829679,-109.9542852829371,40.126493581179595,daily_mean_r90,-0.9707008955921244,-7.280256716940933
2023-11-28T00:00:00,0.9,0.5397329583333335,3.6250940000000003,4.448464672916667,0.5557383479166667,-8.089564062500001,15.988086122218926,-14.988086122218926,43487.5,818.4062043356619,4.34875,10.745995282926296,589066.5483438798,4442306.607983341,589066.7648758508,4442305.92861408,-109.95465420221184,40.12636761616153,daily_mean_r90,-0.9707008955921244,-7.280256716940933
2023-11-29T00:00:00,0.9,-0.20469816666666688,3.4876293541666663,3.713437666666666,0.5126789458333333,-7.918444133333333,-37.683512716690956,38.683512716690956,34937.5,781.3351365237963,3.49375,8.63324427012906,589085.0327802281,4442308.85440758,589085.2493232379,4442308.174987304,-109.95443698032311,40.12638589389115,daily_mean_r90,-0.9707008955921244,-7.280256716940933
2023-11-30T00:00:00,0.9,4.042560708333333,3.656303854166667,4.0272951016041665,0.61511456875,-4.2561528161875,2.052835844224644,-1.0528358442246442,39537.5,894.974746830586,3.95375,9.769929025552134,589084.6990383147,4442331.044030164,589084.9156272013,4442330.364610285,-109.95443783398913,40.126585815637874,daily_mean_r90,-0.9707008955921244,-7.280256716940933
2023-12-01T00:00:00,0.9,5.83260979375,3.6870218333333327,-1038.2762588125,1.36143449375,1039.0604122791665,-177.14673859934598,178.14673859934598,30062.5,688.9087296526029,3.00625,7.428605534762214,589095.3717703808,4442296.979316926,589095.5882923547,4442296.299868412,-109.95431729319816,40.12627782634587,daily_mean_r90,-0.9707008955921244,-7.280256716940933
2023-12-02T00:00:00,0.9,14.97859253361679,-1663.4753865750001,-4578.256616806667,-1664.73023784375,7921.440833759034,-527.8508126501717,528.8508126501717,38612.5,794.2640687119309,3.86125,9.54135654755945,589065.3453141424,4442305.784675316,589065.5618439906,4442305.105309393,-109.95466843318137,40.126360327156135,daily_mean_r90,-0.9707008955921244,-7.280256716940933
2023-12-03T00:00:00,0.9,18.264487708333334,5.143091270833334,-3316.689556916317,1.7247515833333331,3328.086201770484,-181.2162359501611,182.2162359501611,48362.5,937.9036790187205,4.83625,11.950634018293142,589050.108887222,4442326.2197129335,589050.325454203,4442325.5403884705,-109.95484441068267,40.12654602194556,daily_mean_r90,-0.9707008955921244,-7.280256716940933
2023-12-04T00:00:00,0.9,19.851703875000002,5.512513000000001,-4153.335373885417,3.978844083333333,4163.695720677083,-208.73996725392334,209.7399672539233,47837.5,928.4062043356621,4.78375,11.820903692945944,589046.563786305,4442338.411637586,589046.78037736,4442337.73232256,-109.95488432988321,40.126656223524876,daily_mean_r90,-0.9707008955921244,-7.280256716940933
2023-12-05T00:00:00,0.9,17.391945291666666,5.349464645833333,-3530.4372467333337,3.909355785416667,3538.57037159375,-202.46029798571485,203.46029798571485,38337.5,826.4823227814098,3.83375,9.47340256761568,589019.8034778404,4442348.427697526,589020.0200804995,4442347.748455898,-109.95519697761338,40.12674928296417,daily_mean_r90,-0.9707008955921244,-7.280256716940933
2023-12-06T00:00:00,0.9,17.14659041666667,4.79892075,-3531.9041636770835,3.781518091666667,3540.4703152520833,-205.48246848018883,206.48246848018883,31637.5,840.1219330882003,3.16375,7.81779651080381,589028.9822722988,4442343.723543065,589029.1988683407,4442343.044276303,-109.95508991424093,40.1267059355759,daily_mean_r90,-0.9707008955921244,-7.280256716940933
2023-12-07T00:00:00,0.9,14.785702708333332,4.095924010416667,-2274.2085556541665,3.545581731250001,2281.352752620833,-153.2945098804838,154.2945098804838,29362.5,722.3401871576791,2.93625,7.255631767632615,589007.4861348186,4442340.421551826,589007.702716627,4442339.742344354,-109.95534262456596,40.12667846680733,daily_mean_r90,-0.9707008955921244,-7.280256716940933
2023-12-08T00:00:00,0.9,16.944649520833334,3.0806806875000006,-187.87300258333335,0.5266035895833333,201.21036782708336,-10.87456651609681,11.87456651609681,10012.5,435.5634918610409,1.00125,2.4741426334072902,588997.4300726323,4442336.084725487,588997.6466419777,4442335.405545846,-109.95546122938948,40.12664046472168,daily_mean_r90,-0.9707008955921244,-7.280256716940933
2023-12-09T00:00:00,0.9,0.01570458333333195,2.3606634375,-1450.2992535816668,0.9626209145833334,1446.9916738129168,-92137.1766774908,92138.17667749082,35762.5,832.0458146424514,3.57625,8.837106209960371,589027.0707551984,4442347.422868618,589027.2873582633,4442346.743607012,-109.95511183541736,40.12673946188891,daily_mean_r90,-0.9707008955921244,-7.280256716940933
2023-12-10T00:00:00,0.9,10.489177916666664,2.4591680416666666,-1036.1089234147917,1.4449195562500001,1042.6940137335416,-98.406647691309,99.406647691309,37062.5,770.1219330881996,3.70625,9.158343206058197,589021.0403468893,4442369.207473965,589021.2569931142,4442368.528228317,-109.95517959692572,40.12693633838704,daily_mean_r90,-0.9707008955921244,-7.280256716940933
2023-12-11T00:00:00,0.9,15.38936465,2.9410181458333327,-411.48527250395836,1.0342476999999999,422.899371308125,-26.479976004605557,27.47997600460556,37662.5,845.9797974644688,3.76625,9.306606435026424,589045.283294398,4442343.025681443,589045.499894587,4442342.346369818,-109.9548987197292,40.12669792292229,daily_mean_r90,-0.9707008955921244,-7.280256716940933
2023-12-12T00:00:00,0.9,11.577520583333333,3.230547291666666,-1453.905353185625,1.1849276625,1461.0673988147917,-125.19864402729738,126.19864402729738,33837.5,763.0508652763344,3.38375,8.361428350353977,589016.7041566303,4442350.191582624,589016.920761889,4442349.512349474,-109.95523310457129,40.12676550036705,daily_mean_r90,-0.9707008955921244,-7.280256716940933
2023-12-13T00:00:00,0.9,6.637767916666667,3.947414208333333,-4370.66202533125,1.0986692270833334,4372.2537098125,-657.6933687202708,658.6933687202708,37587.5,854.9747468305859,3.75875,9.288073531405397,589014.1184634749,4442335.441184773,589014.3350372172,4442334.7619591905,-109.95526548178506,40.12663290100054,daily_mean_r90,-0.9707008955921244,-7.280256716940933
2023-12-14T00:00:00,0.9,15.280495291666666,3.5174031875,-4577.925666354166,2.0344648291666667,4587.654293629166,-299.22942359277306,300.22942359277306,36537.5,829.9137802864859,3.65375,9.028612880710998,589019.1003948188,4442345.364897251,589019.3169908782,4442344.685657649,-109.95520565066478,40.1267217673814,daily_mean_r90,-0.9707008955921244,-7.280256716940933
2023-12-15T00:00:00,0.9,9.885157874999999,3.4208642499999997,-4994.4291655145835,1.573565825,4999.319893314583,-504.7400151350222,505.7400151350222,32062.5,808.908729652603,3.20625,7.922816297989638,589009.1012603303,4442348.740690983,589009.3178599696,4442348.0614788085,-109.95532252394686,40.12675323549745,daily_mean_r90,-0.9707008955921244,-7.280256716940933
2023-12-16T00:00:00,0.9,6.7923577083333315,3.2139182500000003,-4161.791206914583,1.8007917729166667,4163.568854599999,-611.9784433307815,612.9784433307814,34487.5,847.1930009000657,3.44875,8.522046848402889,589013.6005349577,4442344.242656432,589013.8171267991,4442343.563432006,-109.95527034574377,40.12671224040734,daily_mean_r90,-0.9707008955921244,-7.280256716940933
2023-12-17T00:00:00,0.9,9.408882083333333,3.067639979166666,-4578.276049293126,1.4038865270833334,4583.213404870209,-486.1156173791149,487.1156173791149,43937.5,863.0508652763348,4.39375,10.857192704652467,589017.0909956791,4442343.466715248,589017.3075871076,4442342.787481236,-109.9552294925638,40.12670488110629,daily_mean_r90,-0.9707008955921244,-7.280256716940933
2023-12-18T00:00:00,0.9,3.892725645833334,3.187760791666667,-3330.1500944870836,1.366117970833333,3329.488941370417,-854.3104544971491,855.3104544971491,41462.5,920.1219330882,4.14625,10.24560688515853,589025.3264004068,4442338.136513025,589025.542983596,4442337.457256492,-109.95513358616651,40.1266559941353,daily_mean_r90,-0.9707008955921244,-7.280256716940933
2023-12-19T00:00:00,0.9,17.083131666666663,3.400886958333333,-2496.3561872160412,1.5722053854166667,2508.466226538958,-145.83878082105898,146.83878082105898,31862.5,810.624458405141,3.18625,7.873395221666896,589030.2619014964,4442336.436083765,589030.4784828515,4442335.756813691,-109.95507590317783,40.1266401538887,daily_mean_r90,-0.9707008955921244,-7.280256716940933
2023-12-20T00:00:00,0.9,4.3984397500000005,3.7610809999999995,-3538.6602949164376,1.1254923583333334,3538.172161308104,-803.4152841489084,804.4152841489084,39262.5,901.3351365237965,3.92625,9.701975045608364,589030.1603468121,4442338.0100245075,589030.3769313988,4442337.3307546675,-109.95507687779707,40.12665434286365,daily_mean_r90,-0.9707008955921244,-7.280256716940933
2023-12-21T00:00:00,0.9,15.17378354166667,3.9636631875,-5411.813530190208,1.3218841166666666,5421.701766427709,-356.3071773127584,357.3071773127584,33012.5,842.3401871576796,3.30125,8.157566410522664,589015.8249433708,4442346.331827436,589016.0415403144,4442345.652596822,-109.95524395439821,40.12673082437614,daily_mean_r90,-0.9707008955921244,-7.280256716940933
2023-12-22T00:00:00,0.9,16.794879562499997,4.390463145833333,-2705.1812798354163,1.4942255500000001,2716.091470702083,-160.72140208534964,161.72140208534964,38312.5,905.4772721475274,3.83125,9.467224933075338,589045.7136073863,4442333.350028205,589045.9301876485,4442332.670715657,-109.95489500496902,40.12661071806649,daily_mean_r90,-0.9707008955921244,-7.280256716940933
2023-12-23T00:00:00,0.9,8.667834002500001,-3747.5873221999996,-5406.934456496875,-3748.419459311562,12911.609072010935,-1488.600408624223,1489.6004086242228,38987.5,882.548339959393,3.89875,9.634021065664593,589050.5028557717,4442331.336178226,589050.7194335025,4442330.65685254,-109.9548390815775,40.1265920698661,daily_mean_r90,-0.9707008955921244,-7.280256716940933
2023-12-24T00:00:00,0.9,-3.916106249999999,2.5051858333333334,-825.7396043902082,0.6276127458333333,818.6906995610416,210.05732564356285,-209.05732564356285,40662.5,871.3351365237963,4.06625,10.04792257986756,589039.5633272337,4442336.698550346,589039.77991233,4442336.019254646,-109.95496671581212,40.12664153324007,daily_mean_r90,-0.9707008955921244,-7.280256716940933
2023-12-25T00:00:00,0.9,1.7711931041666682,2.2103058125,-2911.673077497708,0.7288723333333333,2910.5050924560414,-1642.245496840058,1643.2454968400582,31212.5,806.4823227814102,3.12125,7.712776723617983,589019.3169254954,4442350.389615239,589019.5335320608,4442349.71037489,-109.95520241665812,40.126767007637476,daily_mean_r90,-0.9707008955921244,-7.280256716940933
2023-12-26T00:00:00,0.9,7.727890833333333,1.9291888958333334,-5620.196914385625,0.9896715333333334,5625.005944789792,-726.8837222346622,727.8837222346622,33662.5,835.4772721475273,3.36625,8.318184908571578,589025.3661589536,4442334.308106645,589025.5827342103,4442333.628850115,-109.9551336476756,40.12662150324327,daily_mean_r90,-0.9707008955921244,-7.280256716940933
2023-12-27T00:00:00,0.9,6.4012571041666675,2.0210859375,-4370.7958681585,0.86461526875,4374.311424056416,-682.3519342957052,683.3519342957052,35887.5,877.1930009000652,3.58875,8.867994382662086,589018.5486114369,4442339.772049129,589018.7651956945,4442339.092811213,-109.9552128971798,40.12667144484466,daily_mean_r90,-0.9707008955921244,-7.280256716940933
2023-12-28T00:00:00,0.9,17.5462473125,2.142816,-4371.207985665001,1.0800960645833333,4385.531320912917,-248.941269082002,249.941269082002,34162.5,877.6955262170068,3.41625,8.441737599378433,589034.7061278112,4442337.205287824,589034.9227122905,4442336.526005488,-109.9550236445834,40.12664661234987,daily_mean_r90,-0.9707008955921244,-7.280256716940933
2023-12-29T00:00:00,0.9,14.7109173125,2.211992125,-4163.409532563604,0.6535397291666667,4175.254918021938,-282.8201608593222,283.8201608593222,26212.5,821.8376618407378,2.62125,6.477249815549423,589015.7567797722,4442341.250237478,589015.9733661407,4442340.571007207,-109.95524545514712,40.126685056101664,daily_mean_r90,-0.9707008955921244,-7.280256716940933
2023-12-30T00:00:00,0.9,6.1671191875,2.4440916875,-3330.4776386508333,1.1525561166666667,3333.0481100341663,-539.4546286035544,540.4546286035543,35837.5,860.1219330882,3.58375,8.8556391135814,589036.5852901906,4442335.934884088,589036.8018726791,4442335.255596613,-109.95500176808301,40.126634969425936,daily_mean_r90,-0.9707008955921244,-7.280256716940933
2023-12-31T00:00:00,0.9,16.56299777083333,2.6714891458333327,-4371.646666525541,1.1155253958333333,4384.422649754708,-263.7119024235741,264.7119024235741,33912.5,870.1219330881997,3.39125,8.379961253975004,589026.1421851647,4442338.231514832,589026.3587688319,4442337.552256051,-109.95512399991979,40.12665676354274,daily_mean_r90,-0.9707008955921244,-7.280256716940933
2024-01-01T00:00:00,0.9,9.46862325,2.468891708333333,-4788.455124485,1.2143093624999999,4794.240546664167,-505.32921176414607,506.329211764146,41337.5,924.2640687119308,4.13375,10.214718712456817,589019.3301695407,4442344.157369539,589019.5467631724,4442343.478129341,-109.95520312083123,40.12671086551849,daily_mean_r90,-0.9707008955921244,-7.280256716940933
2024-01-02T00:00:00,0.9,13.397289187499998,2.397567291666667,-4787.744100064584,1.0887182770833335,4797.655103683334,-357.10640768728535,358.10640768728535,30962.5,804.055915910217,3.09625,7.651000378214555,589027.3255674904,4442351.40038381,589027.5421788993,4442350.721121387,-109.95510829656625,40.12677526477669,daily_mean_r90,-0.9707008955921244,-7.280256716940933
2024-01-03T00:00:00,0.9,12.733502000000001,2.4948805208333336,-3121.721857504584,1.2495656354166667,3130.710913348334,-244.86409248204725,245.86409248204725,40687.5,816.6904755831238,4.06875,10.054100214407903,589025.1605161466,4442336.565503163,589025.3770960171,4442335.886247134,-109.9551357494965,40.12664185987974,daily_mean_r90,-0.9707008955921244,-7.280256716940933
2024-01-04T00:00:00,0.9,19.25743552083333,3.1003662291666667,-4788.433959471458,1.3842140687500002,4803.206814694375,-248.4208956066921,249.42089560669214,53337.5,968.1118318204344,5.33375,13.179983291821358,589061.2950833245,4442326.172629974,589061.5116540581,4442325.4932746915,-109.95471314865193,40.12654441298225,daily_mean_r90,-0.9707008955921244,-7.280256716940933
2024-01-05T00:00:00,0.9,5.634435479166665,2.9333049375000004,-3121.5930582208334,0.7833572666666667,3123.5108314958334,-553.3609192163119,554.3609192163119,52437.5,987.4011537017792,5.24375,12.957588448369018,589041.6326494176,4442357.9610930355,589041.8492793443,4442357.281791047,-109.95493949915645,40.12683284927274,daily_mean_r90,-0.9707008955921244,-7.280256716940933
2024-01-06T00:00:00,0.9,-1.325524166666666,2.1601104374999998,-2079.881007298958,0.5458817541666666,2075.849490940625,1567.0593319553152,-1566.0593319553154,39512.5,886.1879502661826,3.95125,9.763751391011791,589027.5986233129,4442353.165487361,589027.8152384799,4442352.486224134,-109.95510484880386,40.126791136099264,daily_mean_r90,-0.9707008955921244,-7.280256716940933
2024-01-07T00:00:00,0.9,-1.4754057499999995,2.7299841458333334,-3122.6284558166667,0.41279406875,3118.0102718520834,2114.3239258773965,-2113.3239258773965,28987.5,787.695526217007,2.89875,7.162967249527473,589015.4252331136,4442344.704742289,589015.6418265413,4442344.025512826,-109.95524886936637,40.12671620974214,daily_mean_r90,-0.9707008955921244,-7.280256716940933
2024-01-08T00:00:00,0.9,3.888768375,1.5990390416666667,4.600926024375,0.35816551458333334,-2.6693622056249997,1.6864286962385615,-0.6864286962385615,20562.5,608.7005768508893,2.05625,5.081104409431951,588997.2128251956,4442344.998987929,588997.4294129864,4442344.3198086005,-109.955462549561,40.12672078832706,daily_mean_r90,-0.9707008955921244,-7.280256716940933
2024-01-09T00:00:00,0.9,-7.1111979312499995,1.6057421666666667,-2706.4382294089583,1.4384828125,2696.2828064985415,380.1601404665995,-379.1601404665995,42137.5,870.8326112068557,4.21375,10.412403017747785,589050.661066153,4442344.485246853,589050.8776712159,4442343.805920379,-109.95483541076536,40.126710501273706,daily_mean_r90,-0.9707008955921244,-7.280256716940933
2024-01-10T00:00:00,0.9,7.784241062500001,2.3522328666666668,-2487.94080485625,2.460885554166667,2490.9119274979166,-318.9941917906035,319.9941917906035,49162.5,918.4062043356619,4.91625,12.148318323584112,589049.391334348,4442342.066064599,589049.6079339555,4442341.386741685,-109.954850644717,40.12668884351236,daily_mean_r90,-0.9707008955921244,-7.280256716940933
2024-01-11T00:00:00,0.9,-13.377944979166669,1.86956625,-812.371217926875,0.3911381354166667,796.7325685622917,60.555676884830575,-59.55567688483058,18087.5,576.9848480983512,1.80875,4.469518589938014,588995.4532373535,4442328.069266089,588995.6697893678,4442327.390092151,-109.95548553256573,40.1265684698691,daily_mean_r90,-0.9707008955921244,-7.280256716940933
2024-01-12T00:00:00,0.9,-3.377993812499998,2.2668233124999997,-3947.3510200906253,0.576406725,3941.1297962406256,1167.7072277210182,-1166.7072277210182,38787.5,778.9087296526036,3.87875,9.58459998934185,589016.365886128,4442316.382907419,589016.5824210709,4442315.703676221,-109.95524173706595,40.12646098411211,daily_mean_r90,-0.9707008955921244,-7.280256716940933
2024-01-13T00:00:00,0.9,15.366133770833335,3.2031119791666662,-3325.780188121875,0.40930282291666664,3337.533907090625,-216.2006281388519,217.20062813885187,24262.5,620.416305603427,2.42625,5.995394321402685,588997.3822575951,4442341.193692199,588997.5988375386,4442340.514512525,-109.95546108600887,40.12668649189025,daily_mean_r90,-0.9707008955921244,-7.280256716940933
2024-01-14T00:00:00,0.9,48.87912808125,-1246.471472114583,-4152.401972704167,-1248.162784459375,6695.915357359375,-135.9892553367359,136.9892553367359,33137.5,814.2640687119308,3.31375,8.18845458322438,589031.8069501772,4442327.985288147,589032.0235145232,4442327.30601406,-109.9550589379522,40.12656386463967,daily_mean_r90,-0.9707008955921244,-7.280256716940933
2024-01-15T00:00:00,0.9,2.6528776458333314,2.2005785083333333,-1034.3771659208958,0.5430306395833333,1034.2864344188124,-388.873402583525,389.873402583525,31837.5,831.837661840738,3.18375,7.867217587126553,589044.0709764505,4442350.820343801,589044.2875923958,4442350.141035299,-109.95491187076433,40.126768266436954,daily_mean_r90,-0.9707008955921244,-7.280256716940933
2024-01-16T00:00:00,0.9,17.056404166666667,1.0009363041666666,-2704.1731800209996,0.7266691937499999,2719.5019786897496,-158.44169428187408,159.44169428187408,32187.5,802.5483399593932,3.21875,7.953704470691352,589031.7163555553,4442334.875022002,589031.9329341707,4442334.195747966,-109.95505905066743,40.12662593766988,daily_mean_r90,-0.9707008955921244,-7.280256716940933
2024-01-17T00:00:00,0.9,20.821187508333335,2.1429098958333337,-3331.0097413083336,0.7128421541666667,3348.975176766667,-159.84458081107502,160.84458081107505,35362.5,823.0508652763344,3.53625,8.738264057314888,589056.5256176366,4442357.003029601,589056.7422506759,4442356.323686652,-109.95476486360937,40.126822641586266,daily_mean_r90,-0.9707008955921244,-7.280256716940933
2024-01-18T00:00:00,0.9,16.224051875,3.203524875,-3746.571486005209,1.8173061020833334,3757.7747069031257,-230.61752291322264,231.61752291322264,58387.5,1012.5483399593934,5.83875,14.427865468970603,589074.1630741706,4442334.4014430335,589074.3796663932,4442333.722052097,-109.95456100883656,40.126617175818254,daily_mean_r90,-0.9707008955921244,-7.280256716940933
2024-01-19T00:00:00,0.9,17.269059374999998,3.5684276458333333,-4372.2077943466875,0.98322435625,4384.925201719604,-252.91801061658023,253.91801061658023,39662.5,847.6955262170065,3.96625,9.80081719825385,589033.9694372304,4442349.4346023835,589034.1860468367,4442348.755321726,-109.95503060254454,40.12675685329201,daily_mean_r90,-0.9707008955921244,-7.280256716940933
2024-01-20T00:00:00,0.9,6.843111750416665,3.6314600000000006,-4371.98014785625,1.2344282874999999,4373.957371319168,-638.1766685752056,639.1766685752056,40337.5,874.9747468305861,4.03375,9.967613330843104,589012.5960566633,4442349.311108401,589012.8126586861,4442348.631886586,-109.95528143417407,40.1267580038939,daily_mean_r90,-0.9707008955921244,-7.280256716940933
2024-01-21T00:00:00,0.9,33.94534225,-1871.0620040120614,-3955.5679525683227,-1873.9204324608552,7734.495731291239,-226.85145821563307,227.85145821563307,33587.5,765.979797464469,3.35875,8.299652004950548,589027.2988970513,4442337.847939071,589027.51548032,4442337.168677116,-109.95511047894531,40.12665318577365,daily_mean_r90,-0.9707008955921244,-7.280256716940933
2024-01-22T00:00:00,0.9,19.82356196875,-1661.8150445625,-4579.963193273333,-1665.2934877854168,7926.8952875899995,-398.8723993238961,399.8723993238961,40462.5,860.1219330882,4.04625,9.998501503544817,589043.0023502188,4442353.448359421,589043.2189712512,4442352.769053788,-109.95492404842328,40.126792053046096,daily_mean_r90,-0.9707008955921244,-7.280256716940933
2024-01-23T00:00:00,0.9,25.789856541666666,6.022871645833334,-5413.553172845834,1.5580019895833335,5431.762155752083,-209.61622219481555,210.61622219481552,37912.5,854.2640687119311,3.79125,9.368382780429853,589029.0718754734,4442354.328936174,589029.2884935598,4442353.649668859,-109.95508739983293,40.126801460567165,daily_mean_r90,-0.9707008955921244,-7.280256716940933
2024-01-24T00:00:00,0.9,42.323952999999996,-1245.5767347656251,-3739.1319285976037,-1248.9004252572915,6275.93304162052,-147.28324380807533,148.28324380807533,39287.5,778.9087296526036,3.92875,9.708152680148707,589015.4028664441,4442349.277833971,589015.6194693597,4442348.59860443,-109.95524850111512,40.12675740699575,daily_mean_r90,-0.9707008955921244,-7.280256716940933
2024-01-25T00:00:00,0.9,9.855413833333332,4.3586980833333335,-4371.827545904166,0.83599395625,4376.488267697916,-443.0694568193171,444.06945681931705,49937.5,913.7615433949894,4.99375,12.33982499433474,589034.883827638,4442333.541973209,589035.1004045759,4442332.862690485,-109.9550220646493,40.126613594015,daily_mean_r90,-0.9707008955921244,-7.280256716940933
2024-01-26T00:00:00,0.9,28.484789770833334,3.8216302916666667,-4785.859444209917,1.886622675,4808.635981014083,-167.81416432070105,168.81416432070105,39637.5,872.0458146424515,3.96375,9.794639563713506,589025.2395294142,4442340.023335911,589025.4561164905,4442339.344079565,-109.95513434532899,40.12667300002996,daily_mean_r90,-0.9707008955921244,-7.280256716940933
2024-01-27T00:00:00,0.9,25.634788333333333,2.995369541666667,-4579.1364433875,0.7335492958333334,4601.042312883334,-178.48431065843923,179.48431065843923,37212.5,800.1219330882,3.72125,9.195409013300255,589017.804273172,4442356.725326878,589018.0208923751,4442356.046090504,-109.95521929364368,40.126824240539555,daily_mean_r90,-0.9707008955921244,-7.280256716940933
2024-01-28T00:00:00,0.9,27.111226666666663,3.3356124791666666,-5620.870399045833,0.8546372895833333,5643.791375943751,-207.17174542982997,208.17174542982997,39437.5,860.6244584051415,3.94375,9.745218487390764,589019.0596625272,4442341.22124775,589019.2762499684,4442340.542008384,-109.95520670016971,40.12668444526852,daily_mean_r90,-0.9707008955921244,-7.280256716940933
2024-01-29T00:00:00,0.9,32.191387320833336,3.8163574375000002,-4579.130402225001,1.0726997333333335,4606.432732375,-142.09519147047914,143.09519147047914,36462.5,862.0458146424517,3.64625,9.01007997708997,589032.8554820145,4442337.068401013,589033.0720655731,4442336.389123776,-109.95504538058347,40.12664557523104,daily_mean_r90,-0.9707008955921244,-7.280256716940933
2024-01-30T00:00:00,0.9,30.64009508125,4.129809770833333,-4995.59658334375,1.3435343479166668,5020.763334306251,-162.86252461007123,163.86252461007123,35087.5,821.3351365237963,3.50875,8.670310077371116,589016.4346206307,4442352.441529622,589016.65123047,4442351.762297145,-109.95523595723375,40.12678579666021,daily_mean_r90,-0.9707008955921244,-7.280256716940933
2024-01-31T00:00:00,0.9,30.750689562500003,4.134218541666667,-5203.829108623541,1.0629563770833332,5229.382623267292,-169.05741001803239,170.05741001803239,46812.5,933.5533905932763,4.68125,11.567620676791888,589019.7030675048,4442344.769234789,589019.9196625334,4442344.089993546,-109.95519866051932,40.12671633778294,daily_mean_r90,-0.9707008955921244,-7.280256716940933
2024-02-01T00:00:00,0.9,22.892470687499998,4.527865666666667,-4579.691419745833,1.2545415083333333,4596.801483258332,-199.79971035054461,200.7997103505446,40037.5,868.9087296526031,4.00375,9.893481716358991,589028.3922903854,4442365.750105482,589028.6089319463,4442365.070839707,-109.95509379925528,40.12690441560137,daily_mean_r90,-0.9707008955921244,-7.280256716940933
2024-02-02T00:00:00,0.9,24.736873524999996,6.249883395833334,-2906.0421614791667,1.6006712645833334,2922.9284803437504,-117.16078848403097,118.16078848403097,27162.5,698.9087296526035,2.71625,6.71199992808245,589017.3602515169,4442347.735303821,589017.5768519006,4442347.056068939,-109.95522574413715,40.12674330448877,daily_mean_r90,-0.9707008955921244,-7.280256716940933
2024-02-03T00:00:00,0.9,30.891430166666662,3.770953604166667,-616.3529633145833,0.3479940354166667,643.1254458416666,-19.818895155447674,20.81889515544767,14987.5,536.2741699796962,1.49875,3.7034919069355072,589003.2909986642,4442348.09882501,589003.5075949786,4442347.41962885,-109.95539079533175,40.12674806858361,daily_mean_r90,-0.9707008955921244,-7.280256716940933
2024-02-04T00:00:00,0.9,35.069299854166665,2.7621822291666667,-3328.3023318054165,0.6133029958333333,3359.9961464345834,-94.81018612880503,95.81018612880503,41437.5,807.1930009000653,4.14375,10.239429250618187,589022.140933209,4442344.310503318,589022.3575281226,4442343.631255378,-109.95517011568636,40.12671194736423,daily_mean_r90,-0.9707008955921244,-7.280256716940933
2024-02-05T00:00:00,0.9,15.870348020833331,4.069766854166667,-3955.751218008125,0.7284228729166665,3966.8233763018748,-248.95188329169244,249.95188329169244,32662.5,715.9797974644686,3.26625,8.071079526957865,589009.9294885468,4442367.128718054,589010.1461266569,4442366.449503034,-109.95531026882979,40.12691878907805,daily_mean_r90,-0.9707008955921244,-7.280256716940933
2024-02-06T00:00:00,0.9,19.460085145833332,5.1124316875,-3330.63752921125,1.1340871750000001,3343.851095494583,-170.83126746033517,171.8312674603352,46137.5,901.3351365237962,4.61375,11.400824544202633,589085.4919951122,4442331.532623726,589085.7085852843,4442330.853201652,-109.95442846130231,40.12659013292113,daily_mean_r90,-0.9707008955921244,-7.280256716940933
2024-02-07T00:00:00,0.9,18.09475445833333,-3121.00807749375,-3316.376541872222,-2290.057203104487,8745.536576928793,-482.31888653516023,483.3188865351603,43362.5,849.4112549695445,4.33625,10.715107110224583,589031.3139393334,4442332.145079691,589031.5305121439,4442331.465806842,-109.95506414955365,40.126601388678715,daily_mean_r90,-0.9707008955921244,-7.280256716940933
2024-02-08T00:00:00,0.9,37.50664217083334,4.442078729166667,-610.8285624979167,0.9076875437500002,642.9854383958333,-16.143241868125546,17.143241868125546,47112.5,865.4772721475274,4.71125,11.641752291276003,589039.0505766047,4442335.103955927,589039.2671582157,4442334.424661685,-109.9549729528657,40.1266272232691,daily_mean_r90,-0.9707008955921244,-7.280256716940933
2024-02-09T00:00:00,0.9,39.48130704166667,-621.5192570708333,-2487.6039422010413,-622.1278510895833,3770.7323574031243,-94.506776242835,95.506776242835,21237.5,611.1269837220825,2.12375,5.247900542021206,589004.180918948,4442351.848708217,589004.3975233559,4442351.169509489,-109.95537983508194,40.12678175371737,daily_mean_r90,-0.9707008955921244,-7.280256716940933
2024-02-10T00:00:00,0.9,-3.380246208333334,3.665520854166667,-2495.567316245679,4.5231019041666665,2483.998447279013,735.8572542305357,-734.8572542305357,21887.5,622.3401871576787,2.18875,5.40851904007012,589000.9301476747,4442354.9499791665,589001.1467574105,4442354.270789288,-109.95541755493173,40.12681003440707,daily_mean_r90,-0.9707008955921244,-7.280256716940933
2024-02-11T00:00:00,0.9,-10.783345583333334,2.406053270833333,-4369.548603156562,0.83738131875,4355.5218229836455,404.91192040766185,-403.91192040766185,34212.5,858.4062043356622,3.42125,8.454092868459119,589023.0770796842,4442355.811183294,589023.2936987949,4442355.131932436,-109.95515754378822,40.12681544756255,daily_mean_r90,-0.9707008955921244,-7.280256716940933
2024-02-12T00:00:00,0.9,0.9770418541666661,2.8790487500000004,-2701.2629728054167,0.8127838562499999,2698.548182053333,-2760.9576075939613,2761.9576075939613,32062.5,797.1930009000652,3.20625,7.922816297989638,589020.1194539623,4442350.527890463,589020.3360610905,4442349.848647902,-109.95519297998918,40.1267681682654,daily_mean_r90,-0.9707008955921244,-7.280256716940933
2024-02-13T00:00:00,0.9,42.05584770833333,3.7495084791666664,-1443.6864062910415,1.2396561458333333,1480.753089374375,-34.20920799513369,35.20920799513369,33587.5,805.9797974644692,3.35875,8.299652004950548,589023.7735900166,4442353.633511574,589023.9902048437,4442352.954258864,-109.95514967067278,40.126795757122096,daily_mean_r90,-0.9707008955921244,-7.280256716940933
2024-02-14T00:00:00,0.9,56.41333016666667,4.6304065625,-1440.6143288958335,0.9702573104166667,1491.4269951895835,-25.437492535599915,26.437492535599915,38112.5,811.8376618407377,3.81125,9.417803856752595,589010.446204485,4442343.700051912,589010.6627941185,4442343.020836188,-109.95530743632199,40.12670768651217,daily_mean_r90,-0.9707008955921244,-7.280256716940933
2024-02-15T00:00:00,0.9,23.470105645833332,4.852994208333333,-611.1570566083332,0.6379260041666667,629.1362420416665,-25.805854713029706,26.805854713029703,32062.5,783.5533905932758,3.20625,7.922816297989638,589020.2840088672,4442336.247676045,589020.500586403,4442335.568433455,-109.95519301858779,40.12663951318723,daily_mean_r90,-0.9707008955921244,-7.280256716940933
2024-02-16T00:00:00,0.9,64.11278374999999,4.3821536666666665,-1027.5227325764583,0.7654568604166666,1086.487905799375,-15.946509607756271,16.946509607756273,38912.5,874.2640687119307,3.89125,9.615488162043565,589023.4058445658,4442335.015891743,589023.622420617,4442334.336640594,-109.95515655410722,40.12662808660787,daily_mean_r90,-0.9707008955921244,-7.280256716940933
2024-02-17T00:00:00,0.9,44.870363499999996,2.2951222916666665,-1032.5047176241667,0.89889585,1074.1810629825,-22.93965591525685,23.93965591525685,34012.5,833.0508652763345,3.40125,8.404671792136376,589089.3128401082,4442307.920371374,589089.5293826608,4442307.24093932,-109.95438688343864,40.12637702649863,daily_mean_r90,-0.9707008955921244,-7.280256716940933
2024-02-18T00:00:00,0.9,48.332864225,-2913.8516376197913,-4160.716709059646,-2911.554198492708,10034.455409397146,-206.61143727556828,207.61143727556828,45962.5,877.695526217007,4.59625,11.357581102420234,589048.3267930432,4442345.645575512,589048.5433997122,4442344.966255435,-109.95486264312584,40.12672120086273,daily_mean_r90,-0.9707008955921244,-7.280256716940933
2024-02-19T00:00:00,0.9,47.3807404375,4.633661041666667,-3739.603387704375,1.5292789041666668,3780.821188196042,-78.79658302688047,79.79658302688047,40112.5,893.5533905932759,4.01125,9.912014619980019,589036.7737412865,4442343.190321007,589036.9903388962,4442342.511032808,-109.9549985557231,40.126700307195605,daily_mean_r90,-0.9707008955921244,-7.280256716940933
2024-02-20T00:00:00,0.9,31.79421471859364,-1870.097567517448,-3944.855514598021,-1866.3407299385417,7713.088026772604,-241.5940723820393,242.5940723820393,43537.5,942.548339959393,4.35375,10.758350552006982,589066.6710139189,4442337.503061853,589066.8876099983,4442336.823691473,-109.95464849923798,40.12664590920602,daily_mean_r90,-0.9707008955921244,-7.280256716940933
2024-02-21T00:00:00,0.9,50.54773258730726,-1660.8052818541667,-2476.44254450625,-1664.8484385666668,5852.643997514391,-114.78450106353561,115.78450106353561,36012.5,783.0508652763339,3.60125,8.8988825553638,589032.417573614,4442343.591673844,589032.6341705621,4442342.912397627,-109.95504961952801,40.126704383919346,daily_mean_r90,-0.9707008955921244,-7.280256716940933
2024-02-22T00:00:00,0.9,46.22980989384504,4.738194270833333,-1433.4320387208334,0.5843940645833333,1474.3392602792617,-30.891527645575565,31.891527645575565,42237.5,845.4772721475274,4.22375,10.437113555909157,589028.259576871,4442355.915161657,589028.4761979713,4442355.235896532,-109.95509671328107,40.12681583546331,daily_mean_r90,-0.9707008955921244,-7.280256716940933
2024-02-23T00:00:00,0.9,45.61822984634151,4.205868020833333,-816.8681563568749,1.03196733125,857.248550851133,-17.791797790897462,18.791797790897462,39662.5,816.4823227814105,3.96625,9.80081719825385,589030.369925728,4442371.3461739775,589030.5865795796,4442370.666902602,-109.9550698198943,40.126954616153284,daily_mean_r90,-0.9707008955921244,-7.280256716940933
2024-02-24T00:00:00,0.9,38.97040724487557,3.818942270833334,-1862.2204160041667,0.8338576354166666,1896.5380233427923,-47.66610737284965,48.66610737284965,43212.5,887.1930009000652,4.32125,10.678041302982527,589034.0381196137,4442348.679170846,589034.2547276765,4442347.999890023,-109.9550299007745,40.12675004101355,daily_mean_r90,-0.9707008955921244,-7.280256716940933
2024-02-25T00:00:00,0.9,49.00283875507233,3.681479145833333,-818.1098191922919,0.9725431937500001,862.4586356077809,-16.600177000327495,17.600177000327495,39262.5,862.5483399593933,3.92625,9.701975045608364,589023.3420564599,4442332.02267972,589023.558626275,4442331.343428834,-109.95515771551194,40.12660113019678,daily_mean_r90,-0.9707008955921244,-7.280256716940933
2024-02-26T00:00:00,0.9,59.62842164308097,4.276373520833333,-2484.128278814375,0.9609003666666668,2538.5194265699556,-41.57230623619089,42.57230623619089,33837.5,749.4112549695448,3.38375,8.361428350353977,589005.5221901241,4442332.162245108,589005.7387541035,4442331.483043304,-109.95536681023927,40.126604274015115,daily_mean_r90,-0.9707008955921244,-7.280256716940933
2024-02-27T00:00:00,0.9,39.64107272319694,2.6585352708333336,20.611774912083334,0.5973957833333333,15.773366756946942,0.6020953603579761,0.3979046396420239,10787.5,426.7766952966375,1.07875,2.6656493041579172,588999.6277654789,4442343.543703351,588999.8443510744,4442342.864517421,-109.95543441115562,40.126707423345295,daily_mean_r90,-0.9707008955921244,-7.280256716940933
2024-02-28T00:00:00,0.9,52.217904954034964,1.8750436666666666,7.436463785624999,0.6390665812499999,42.2673309204933,0.1905586607180181,0.8094413392819819,37562.5,827.695526217007,3.75625,9.281895896865054,589030.9703249388,4442361.682772301,589031.1869589394,4442361.003499551,-109.95506410726952,40.12686750365655,daily_mean_r90,-0.9707008955921244,-7.280256716940933
2024-02-29T00:00:00,0.9,53.9562731971666,2.6036070208333335,-1032.7437642206667,0.8460255375,1083.2504048595,-19.07644970031741,20.07644970031741,46962.5,891.8376618407378,4.69625,11.604686484033945,589029.068409328,4442340.417732786,589029.2849985384,4442339.738465883,-109.95508935943887,40.1266761473734,daily_mean_r90,-0.9707008955921244,-7.280256716940933
2024-03-01T00:00:00,0.9,55.01722776566073,3.6320449375000003,-823.50142712125,0.7272450083333334,874.1593649410775,-14.888829743738711,15.888829743738711,46987.5,955.6854249492417,4.69875,11.610864118574288,589041.7742060142,4442322.146448685,589041.990761674,4442321.4671473,-109.95494277901243,40.12651021226746,daily_mean_r90,-0.9707008955921244,-7.280256716940933
2024-03-02T00:00:00,0.9,55.63248582163457,4.2871923333333335,-604.3200089375,1.9842157541666665,653.6810866716345,-10.749988824289218,11.749988824289217,31287.5,761.8376618407378,3.12875,7.731309627239011,589025.1468075571,4442295.87848775,589025.3633029591,4442295.199232953,-109.95514152246375,40.12627534845908,daily_mean_r90,-0.9707008955921244,-7.280256716940933
2024-03-03T00:00:00,0.9,20.09625705666851,-621.8626189374999,-614.702526167361,-621.1792631743056,1877.840665335835,-92.4423091842724,93.4423091842724,33187.5,703.5533905932756,3.31875,8.200809852305063,589004.7414983228,4442329.98292125,589004.9580575062,4442329.303721662,-109.95537627209838,40.12658472508143,daily_mean_r90,-0.9707008955921244,-7.280256716940933
2024-03-04T00:00:00,0.9,67.1650442093894,3.3248770833333334,-384.37766321041664,1.1642615791666666,447.05356875730604,-5.656045179745594,6.656045179745595,24362.5,644.0559159102169,2.43625,6.020104859564056,589002.0397391347,4442349.232694018,589002.2563373761,4442348.553501266,-109.95540532238277,40.12675841504874,daily_mean_r90,-0.9707008955921244,-7.280256716940933
2024-03-05T00:00:00,0.9,65.0516693603534,3.8221655625,-2067.29655155,1.2034892083333333,2127.3225661395204,-31.702044191290884,32.70204419129089,36162.5,724.7665940288722,3.61625,8.935948362605856,589018.987056903,4442344.515641256,589019.2036511594,4442343.836401992,-109.955207097808,40.126714129194944,daily_mean_r90,-0.9707008955921244,-7.280256716940933
2024-03-06T00:00:00,0.9,76.17083169165971,4.261971375,-607.1251139020834,0.6397328916666667,678.3942413270764,-7.90622074435557,8.90622074435557,45362.5,859.6194077712586,4.53625,11.209317873452006,589023.5679977563,4442340.384076401,589023.7845850089,4442339.704824647,-109.95515391081247,40.12667642660395,daily_mean_r90,-0.9707008955921244,-7.280256716940933
2024-03-07T00:00:00,0.9,81.45457903293224,-1453.0909575092592,-2266.3294555430557,-1451.8997728449074,5252.774764930155,-63.487163610611105,64.4871636106111,49587.5,922.5483399593932,4.95875,12.253338110769938,589067.8374849701,4442337.030753789,589068.0540804705,4442336.351380207,-109.95463487601425,40.126641531038224,daily_mean_r90,-0.9707008955921244,-7.280256716940933
2024-03-08T00:00:00,0.9,100.41649195495285,3.923183604166667,-159.13837999375002,0.7018717895833334,254.92981655495288,-1.538724581907474,2.538724581907474,33862.5,882.0458146424519,3.38625,8.36760598489432,589081.0858417227,4442358.108229122,589081.3024854653,4442357.428818552,-109.95447649894378,40.126829995523764,daily_mean_r90,-0.9707008955921244,-7.280256716940933
2024-03-09T00:00:00,0.9,70.21949198553267,3.262942916666667,-393.71991968958326,0.9430652020833333,459.73340355636594,-5.547090993638702,6.547090993638702,39437.5,918.9087296526037,3.94375,9.745218487390764,589042.8053043657,4442338.236831478,589043.0218937674,4442337.557526808,-109.95492845936046,40.12665504690187,daily_mean_r90,-0.9707008955921244,-7.280256716940933
2024-03-10T00:00:00,0.9,71.93804204898038,3.4196170625,-399.40419190833336,0.9187291916666668,467.0038877031471,-5.491751435008179,6.491751435008179,39362.5,834.7665940288726,3.93625,9.726685583769735,589030.7197170283,4442362.878946043,589030.9363534256,4442362.199673947,-109.9550668831282,40.12687830545029,daily_mean_r90,-0.9707008955921244,-7.280256716940933
2024-03-11T00:00:00,0.9,85.92057872728277,4.6622104375,-1022.8362787389584,0.8450698375000001,1103.2495771912413,-11.840341551853644,12.840341551853644,40887.5,784.7665940288721,4.08875,10.103521290730646,589014.0910147409,4442340.983519106,589014.3075999835,4442340.304293429,-109.95526503950704,40.12668282983171,daily_mean_r90,-0.9707008955921244,-7.280256716940933
2024-03-12T00:00:00,0.9,66.80036079441241,5.575749541666667,-193.04444659166666,0.7985287937500001,253.47052905066238,-2.7944485035156306,3.7944485035156306,30287.5,715.9797974644686,3.02875,7.4842042456253,589012.0374453815,4442345.0309040705,589012.254038324,4442344.351683925,-109.95528857972936,40.12671950650696,daily_mean_r90,-0.9707008955921244,-7.280256716940933
2024-03-13T00:00:00,0.9,28.79456931849347,6.212217166666666,-1444.76765998125,7.212893108333333,1460.1371190247435,-49.70876743716262,50.70876743716262,37637.5,893.7615433949895,3.76375,9.300428800486081,589068.8560576091,4442311.1707792515,589069.0725998387,4442310.491403515,-109.95462649190038,40.126408473833024,daily_mean_r90,-0.9707008955921244,-7.280256716940933
2024-03-14T00:00:00,0.9,59.806962145833324,4.711470875,34.796179625,1.3760898666666666,18.92322177916666,0.6835950013139898,0.3164049986860103,23337.5,778.4062043356619,2.33375,5.766821843410002,589066.7876696237,4442370.32505866,589067.0043338016,4442369.645687132,-109.95464260085384,40.12694156075006,daily_mean_r90,-0.9707008955921244,-7.280256716940933
2024-03-15T00:00:00,0.9,78.46852435416666,5.537686854166666,-807.0833316979166,0.9567135729166667,879.057455625,-10.202676013854749,11.202676013854749,48137.5,882.0458146424517,4.81375,11.895035307430057,589039.999544431,4442334.944351071,589040.2161260373,4442334.265054218,-109.95496183885881,40.126625685035904,daily_mean_r90,-0.9707008955921244,-7.280256716940933
2024-03-16T00:00:00,0.9,108.812268625,5.253919458333333,-176.80856176666668,1.0562283645833332,279.31068256875005,-1.5669043215277418,2.5669043215277423,39137.5,900.1219330882001,3.91375,9.671086872906649,589097.4508995612,4442349.018527959,589097.667530075,4442348.339072551,-109.95428571119871,40.126746380528346,daily_mean_r90,-0.9707008955921244,-7.280256716940933
2024-03-17T00:00:00,0.9,96.22493787499998,4.963264729166666,-187.68674490000004,0.7768735125,278.17154453333336,-1.8908467043614956,2.8908467043614956,41087.5,882.045814642452,4.10875,10.152942367053388,589082.9557413188,4442372.477097406,589083.1724154826,4442371.79768135,-109.95445257255378,40.12695923362848,daily_mean_r90,-0.9707008955921244,-7.280256716940933
2024-03-18T00:00:00,0.9,92.423115,4.473815583333334,-395.6048821669583,0.8406902354166667,482.7134913482083,-4.222865420065189,5.222865420065189,38637.5,845.4772721475273,3.86375,9.547534182099794,589034.6523731102,4442339.049128844,589034.8689613972,4442338.369846604,-109.95502402103176,40.126663227552974,daily_mean_r90,-0.9707008955921244,-7.280256716940933
2024-03-19T00:00:00,0.9,92.46452091666667,4.398627520833333,-604.9810924260415,1.0979493041666666,691.9490365177081,-6.483400440059867,7.483400440059866,46462.5,867.1930009000656,4.64625,11.48113379322709,589034.6708992732,4442345.495005363,589034.8875009443,4442344.815722888,-109.95502291442212,40.12672129071364,daily_mean_r90,-0.9707008955921244,-7.280256716940933
2024-03-20T00:00:00,0.9,88.91914827083333,4.369315958333334,26.614396062500003,0.55388273125,57.381553518749996,0.3546772024404117,0.6453227975595883,31062.5,770.6244584051411,3.10625,7.675710916375926,589024.0740457104,4442337.929938878,589024.2906280407,4442337.250685802,-109.9551483109017,40.12665426589693,daily_mean_r90,-0.9707008955921244,-7.280256716940933
2024-03-21T00:00:00,0.9,78.24846916666667,4.804466354166666,-178.45265494791667,0.6505663458333334,251.24609141458333,-2.2108754853649266,3.2108754853649266,27537.5,684.0559159102172,2.75375,6.804664446187592,589007.9405621028,4442349.3860613,589008.1571626852,4442348.706852301,-109.95533605562825,40.126759171936776,daily_mean_r90,-0.9707008955921244,-7.280256716940933
2024-03-22T00:00:00,0.9,90.17841945833334,4.848297812499999,-392.94848402229167,1.1255296520833333,477.15307601604167,-4.291211343934774,5.291211343934774,48362.5,871.837661840738,4.83625,11.950634018293142,589028.5573450486,4442338.379724138,589028.7739298532,4442337.700458701,-109.95509563784567,40.126657842895696,daily_mean_r90,-0.9707008955921244,-7.280256716940933
2024-03-23T00:00:00,0.9,64.75478145833334,6.602064875000001,-1223.4649022729166,1.1212890541666667,1280.4963298020832,-18.77454484385871,19.77454484385871,44937.5,862.5483399593933,4.49375,11.104298086266178,589026.3060256741,4442331.936688473,589026.5225963306,4442331.257429427,-109.95512294555529,40.126600041745085,daily_mean_r90,-0.9707008955921244,-7.280256716940933
2024-03-24T00:00:00,0.9,37.141919979166666,6.2352108125,-599.1137814958333,0.7416649729166668,629.2788256895833,-15.942549713169193,16.942549713169193,49012.5,914.7665940288724,4.90125,12.111252516342054,589058.4717781054,4442318.356952556,589058.6883316565,4442317.677605257,-109.95474735821253,40.126474307612355,daily_mean_r90,-0.9707008955921244,-7.280256716940933
2024-03-25T00:00:00,0.9,107.38615902083332,4.6560846666666675,-1857.2404632997916,3.2987758708333335,1956.6717617831248,-17.220893452418977,18.220893452418977,29062.5,700.624458405141,2.90625,7.1815001531485025,589117.6269011933,4442291.89051597,589117.8434203275,4442291.211006178,-109.95405683590502,40.12622962733892,daily_mean_r90,-0.9707008955921244,-7.280256716940933
2024-03-26T00:00:00,0.9,78.18131451041667,4.700937302083333,-2673.650965075,-199.86919737500003,2947.0005396583333,-36.694435788306976,37.694435788306976,41512.5,820.6244584051412,4.15125,10.257962154239216,589023.9608671919,4442350.94195144,589024.1774764959,4442350.262698291,-109.95514784424878,40.12677149144001,daily_mean_r90,-0.9707008955921244,-7.280256716940933
2024-03-27T00:00:00,0.9,105.79341420833335,3.9009078958333334,-179.53006220541667,0.6708205458333333,280.75174797208336,-1.6537733948089988,2.653773394808999,28262.5,663.5533905932755,2.82625,6.9838158478575325,589010.2588288153,4442364.083526558,589010.4754607147,4442363.404310725,-109.95530682401639,40.12689132281045,daily_mean_r90,-0.9707008955921244,-7.280256716940933
2024-03-28T00:00:00,0.9,45.54378058333333,5.032728125,-1237.0029089124998,0.7534721104166667,1276.7604892604165,-27.033695773768173,28.033695773768173,32812.5,734.7665940288725,3.28125,8.108145334199921,589024.8037573125,4442356.1814837055,589025.0203777825,4442355.502228084,-109.95513723029521,40.126818600441844,daily_mean_r90,-0.9707008955921244,-7.280256716940933
2024-03-29T00:00:00,0.9,70.13298596041666,-826.5280399472223,-3093.199941903889,-824.237252586111,4814.098220397639,-67.64242487999492,68.64242487999492,28212.5,694.0559159102171,2.82125,6.971460578776847,589119.9573957286,4442312.898071116,589120.1739591701,4442312.218554471,-109.95402658728415,40.12641861850413,daily_mean_r90,-0.9707008955921244,-7.280256716940933
2024-03-30T00:00:00,0.9,56.799741816666675,-3118.8377600171566,-3933.2344852605397,-3123.4480459621323,10232.320033056496,-179.1472983113814,180.1472983113814,42812.5,834.5584412271586,4.28125,10.579199150337042,589042.6014806356,4442353.52040504,589042.8181016793,4442352.841100508,-109.95492874265229,40.12679274449453,daily_mean_r90,-0.9707008955921244,-7.280256716940933
2024-03-31T00:00:00,0.9,55.59879874999999,7.182441020833334,-1628.7577213125003,2.20627643125,1674.967802610417,-29.125971068941794,30.125971068941794,44062.5,831.3351365237967,4.40625,10.88808087735418,589073.3934229666,4442293.769757942,589073.6099306842,4442293.090370126,-109.95457564809695,40.12625124296965,daily_mean_r90,-0.9707008955921244,-7.280256716940933
2024-04-01T00:00:00,0.9,120.79445683333331,6.115747375000001,-1007.0028251333333,1.506888810416667,1120.1746457812499,-8.273394451591566,9.273394451591564,49037.5,867.9036790187207,4.90375,12.117430150882397,589049.1971455119,4442342.226618097,589049.4137453865,4442341.547295715,-109.95485290135015,40.126690310361795,daily_mean_r90,-0.9707008955921244,-7.280256716940933
2024-04-02T00:00:00,0.9,122.99297666666666,5.131341583333334,42.895513808333334,0.98550226875,73.98061900625,0.3984972068222161,0.6015027931777839,38512.5,835.979797464469,3.85125,9.51664600939808,589034.1609117624,4442328.42233516,589034.3774778252,4442327.743054574,-109.95503125422563,40.1265675523377,daily_mean_r90,-0.9707008955921244,-7.280256716940933
2024-04-03T00:00:00,0.9,124.1494675,5.595049875000001,-384.8129310600625,1.718022275,501.64932641006254,-3.0406885064574483,4.040688506457449,42412.5,928.4062043356623,4.24125,10.480356997691556,589057.198628407,4442350.90764247,589057.4152490338,4442350.228297828,-109.95475780695952,40.126767662427554,daily_mean_r90,-0.9707008955921244,-7.280256716940933
2024-04-04T00:00:00,0.9,108.857212625,4.5269853541666665,-565.8081998604166,2.289755358333333,667.8486717729166,-5.135088853262989,6.135088853262989,49837.5,982.0458146424517,4.98375,12.315114456173367,589039.0403775191,4442319.23305798,589039.2569261915,4442318.553764209,-109.95497526202998,40.12648425765751,daily_mean_r90,-0.9707008955921244,-7.280256716940933
2024-04-05T00:00:00,0.9,89.15146881250001,3.8965730416666666,-559.2196818541667,1.1011823041666666,643.3733953208334,-6.216632590473096,7.216632590473096,35437.5,857.1930009000655,3.54375,8.756796960935915,589058.0691894112,4442282.00134261,589058.2856674157,4442281.321997372,-109.9547570990026,40.12614685516653,daily_mean_r90,-0.9707008955921244,-7.280256716940933
2024-04-06T00:00:00,0.9,123.94986104166667,3.488003104166667,50.234942708333335,0.7369454562500001,69.48996977291667,0.4393703293498885,0.5606296706501115,8362.5,391.42135623730996,0.83625,2.066418753744666,589001.3739936284,4442331.8430731455,589001.5905555182,4442331.163882775,-109.9554155328397,40.126601837998265,daily_mean_r90,-0.9707008955921244,-7.280256716940933
2024-04-07T00:00:00,0.9,129.11290229166664,3.16280725,48.064578865625,0.8136133062500001,77.07190286979164,0.40306583229237725,0.5969341677076228,18387.5,550.416305603427,1.83875,4.543650204422128,589000.6785995006,4442346.7477931,589000.8951921124,4442346.068604174,-109.95542163789057,40.12673617488579,daily_mean_r90,-0.9707008955921244,-7.280256716940933
2024-04-08T00:00:00,0.9,107.20042333333333,3.0400495833333334,-804.5015968835418,1.448193320833333,907.2137773127084,-7.462781667305372,8.462781667305373,47162.5,901.8376618407381,4.71625,11.654107560356687,589034.4656311544,4442336.372130992,589034.682213822,4442335.692849341,-109.95502658171743,40.12663913265417,daily_mean_r90,-0.9707008955921244,-7.280256716940933
2024-04-09T00:00:00,0.9,124.33492654166668,3.882728416666667,-582.1714542854166,1.0407339729166667,701.5829184375,-4.642685751717464,5.642685751717464,35437.5,748.1980515339482,3.54375,8.756796960935915,589025.923686766,4442350.429326153,589026.1402956794,4442349.750067619,-109.95512488145238,40.1267666658278,daily_mean_r90,-0.9707008955921244,-7.280256716940933
2024-04-10T00:00:00,0.9,128.2998245625,4.34163125,-982.2259579329167,1.4673865854166668,1104.71676466,-7.610430828156341,8.61043082815634,46362.5,911.3351365237963,4.63625,11.456423255065719,589036.2491668059,4442344.695413189,589036.4657673581,4442344.016126391,-109.9550045039185,40.12671392077251,daily_mean_r90,-0.9707008955921244,-7.280256716940933
2024-04-11T00:00:00,0.9,130.05894447916668,3.765223729166667,-594.0849992475,1.686620964583333,718.6920990329168,-4.525895215519294,5.525895215519295,44912.5,931.3351365237967,4.49125,11.098120451725835,589051.1881025349,4442350.849216027,589051.4047209795,4442350.169887933,-109.95482834797528,40.126767772741644,daily_mean_r90,-0.9707008955921244,-7.280256716940933
2024-04-12T00:00:00,0.9,120.10063889583334,4.247066333333334,-364.0909193087917,1.5119381520833333,478.4325537192084,-2.9835970742351035,3.9835970742351035,42237.5,922.0458146424521,4.22375,10.437113555909157,589033.0023508661,4442330.6436316185,589033.2189211403,4442329.964354158,-109.95504454336981,40.12658768469021,daily_mean_r90,-0.9707008955921244,-7.280256716940933
2024-04-13T00:00:00,0.9,139.73745583333334,4.320327250000001,-562.3918862333333,2.1381395583333336,695.6708752583332,-3.9784137768192145,4.978413776819215,49212.5,948.4062043356621,4.92125,12.160673592664796,589035.8247577116,4442312.960965839,589036.0412922585,4442312.281681107,-109.9550138621055,40.12642809852645,daily_mean_r90,-0.9707008955921244,-7.280256716940933
2024-04-14T00:00:00,0.9,137.98465670833332,3.789574875,-144.11879421458335,1.6056101083333332,276.7082659395833,-1.0053553238493658,2.0053553238493658,41037.5,853.0508652763342,4.10375,10.140587097972702,589032.5249980458,4442317.028600503,589032.7415398977,4442316.34932475,-109.95505202317536,40.12646508962484,daily_mean_r90,-0.9707008955921244,-7.280256716940933
2024-04-15T00:00:00,0.9,94.00748335416667,6.466713270833334,-561.8679676666668,1.5523705041666667,647.8563672458334,-5.8915403766855405,6.8915403766855405,23787.5,675.771644662755,2.37875,5.878019265136172,588997.6939432345,4442332.783700094,588997.910505814,4442332.104519831,-109.95545858808306,40.126610700808115,daily_mean_r90,-0.9707008955921244,-7.280256716940933
2024-04-16T00:00:00,0.9,162.31954166666665,6.360325020833333,136.76638270833334,2.03654084375,17.15629309374998,0.8943054365630141,0.10569456343698594,8962.5,408.4924240491755,0.89625,2.214681982712893,588999.114675822,4442333.152697097,588999.3312396554,4442332.473512908,-109.95544186507254,40.1266138743851,daily_mean_r90,-0.9707008955921244,-7.280256716940933
2024-04-17T00:00:00,0.9,163.54236691552546,6.299496333333333,148.3573926875,2.5097027395833336,6.375775155108784,0.9610145354053603,0.03898546459463964,17062.5,570.4163056034274,1.70625,4.216235573783959,588995.4969807558,4442346.683034377,588995.7135714563,4442346.003859719,-109.95548245261213,40.126736140015055,daily_mean_r90,-0.9707008955921244,-7.280256716940933
2024-04-18T00:00:00,0.9,159.11708864016853,3.9421266041666665,-117.89366858333334,3.5787721520833338,269.48985846725185,-0.6936575497348568,1.6936575497348567,41987.5,874.9747468305861,4.19875,10.375337210505728,589051.7911366354,4442319.17295703,589052.0076895775,4442318.49362812,-109.954825641985,40.126482365868114,daily_mean_r90,-0.9707008955921244,-7.280256716940933
2024-04-19T00:00:00,0.9,98.14737832183486,4.001314083333333,-803.7306965937502,2.4841835541666666,895.392577278085,-8.122939324390359,9.122939324390359,36537.5,819.9137802864858,3.65375,9.028612880710998,589092.5235331465,4442332.863756862,589092.7401284955,4442332.184315386,-109.95434576334482,40.126601378847774,daily_mean_r90,-0.9707008955921244,-7.280256716940933
2024-04-20T00:00:00,0.9,165.20715164992342,4.334318333333333,63.22441169583334,3.6265509604166666,94.02187066034008,0.4308849845703174,0.5691150154296827,55787.5,930.8326112068547,5.57875,13.785391476774953,589044.6001173307,4442354.373360384,589044.81674083,4442353.69405033,-109.95490517115101,40.12680021633662,daily_mean_r90,-0.9707008955921244,-7.280256716940933
2024-04-21T00:00:00,0.9,155.99851271395434,4.980594895833334,92.71953137500002,2.94632194375,55.352064499371,0.645175690867855,0.3548243091321451,42312.5,845.4772721475272,4.23125,10.455646459530184,589013.2774859477,4442339.740147755,589013.4940683288,4442339.060924357,-109.95527475766171,40.12667171554128,daily_mean_r90,-0.9707008955921244,-7.280256716940933
2024-04-22T00:00:00,0.9,168.15721500496025,5.236687770833334,155.91403362729167,3.117315741666667,3.8891778651685627,0.9768717752309716,0.02312822476902844,18512.5,584.5584412271584,1.85125,4.574538377123842,588993.4651267218,4442351.884242354,588993.6817275315,4442351.205073121,-109.95550557904602,40.126783208107504,daily_mean_r90,-0.9707008955921244,-7.280256716940933
2024-04-23T00:00:00,0.9,148.52743717820144,6.392130916666666,-1183.5893313708332,3.534047704166667,1322.1905899282012,-7.901995584437729,8.901995584437728,47412.5,881.3351365237965,4.74125,11.715883905760116,589049.5311122149,4442360.091814437,589049.7477492664,4442359.412490656,-109.95484651736608,40.12685120651614,daily_mean_r90,-0.9707008955921244,-7.280256716940933
2024-04-24T00:00:00,0.9,160.7487648557534,5.8092828125,-114.91524370833334,3.2376355875,266.61709016408673,-0.6585949534563045,1.6585949534563045,50137.5,967.4011537017795,5.01375,12.38924607065748,589035.0266235984,4442322.166307951,589035.2431769758,4442321.4870251585,-109.9550219582223,40.12651110572196,daily_mean_r90,-0.9707008955921244,-7.280256716940933
2024-04-25T00:00:00,0.9,113.23460380879955,6.4176198125,-117.20094564166668,3.5257745041666673,220.49215513379954,-0.947215318615041,1.947215318615041,44612.5,865.9797974644691,4.46125,11.023988837241722,589027.5612357312,4442310.706371792,589027.7777627483,4442310.027109904,-109.95511114427433,40.12640866393626,daily_mean_r90,-0.9707008955921244,-7.280256716940933
2024-04-26T00:00:00,0.9,71.10883610217205,9.401591458333334,46.46453812916667,8.271097208333332,6.971609306338721,0.9019586075586776,0.09804139244132234,37462.5,788.4062043356621,3.74625,9.257185358703682,589032.4668291144,4442365.271521527,589032.6834710744,4442364.592244556,-109.95504605084747,40.12689967301205,daily_mean_r90,-0.9707008955921244,-7.280256716940933
2024-04-27T00:00:00,0.9,106.48982599397755,-197.50767054861106,-2439.1042405416665,-403.0805949138889,3146.182331998144,-28.54444053816065,29.54444053816065,41162.5,896.1879502661826,4.11625,10.171475270674417,589033.505375464,4442345.687910128,589033.7219771348,4442345.008630857,-109.95503656511495,40.12672315184213,daily_mean_r90,-0.9707008955921244,-7.280256716940933
2024-04-28T00:00:00,0.9,175.4339737863821,7.426856145833333,130.938608625,5.279859924999999,31.788649090548773,0.8187999256674403,0.18120007433255975,34412.5,832.5483399593933,3.44125,8.503513944781862,589020.630504757,4442336.645600023,589020.8470832388,4442335.9663564665,-109.95518889761361,40.12664306104157,daily_mean_r90,-0.9707008955921244,-7.280256716940933
2024-04-29T00:00:00,0.9,103.3211282780684,7.099766416666667,62.78216055000001,2.606434329166667,30.832766982235057,0.7015831370012263,0.2984168629987737,40462.5,794.974746830586,4.04625,9.998501503544817,589016.1778728217,4442338.6190421535,589016.3944538712,4442337.939810802,-109.95524087656224,40.12666130943802,daily_mean_r90,-0.9707008955921244,-7.280256716940933
2024-04-30T00:00:00,0.9,182.58741532621957,4.6075979375,-71.4920187708333,4.386530408333333,245.08530575121955,-0.3422902411611347,1.3422902411611348,26362.5,666.9848480983512,2.63625,6.5143156227914805,588999.276035982,4442341.176885942,588999.4926165405,4442340.4977010535,-109.9554388650375,40.12668614003807,daily_mean_r90,-0.9707008955921244,-7.280256716940933
2024-05-01T00:00:00,0.9,179.92847745439644,3.521693708333333,144.81197435416667,2.39325575625,29.201553635646434,0.8377046588245172,0.16229534117548278,17412.5,570.4163056034273,1.74125,4.302722457348758,588985.463663989,4442346.102135378,588985.6802500417,4442345.422988362,-109.9556002727031,40.12673196916768,daily_mean_r90,-0.9707008955921244,-7.280256716940933
2024-05-02T00:00:00,0.9,172.9083223880682,2.9431843333333334,-756.365841675,3.9334036458333337,922.3975760839015,-4.3346048550150815,5.3346048550150815,51812.5,909.1168824543173,5.18125,12.803147584860447,589033.2756253115,4442329.103495507,589033.4921924848,4442328.424217341,-109.95504154898508,40.12657378204668,daily_mean_r90,-0.9707008955921244,-7.280256716940933
2024-05-03T00:00:00,0.9,132.35803329643795,4.012192145833333,-108.82840067500001,2.925150275,234.24909155060465,-0.7698139335899968,1.769813933589997,40912.5,910.1219330881999,4.09125,10.109698925270989,589014.8328808787,4442343.383211988,589015.0494713594,4442342.703984196,-109.95525600282409,40.126704367973026,daily_mean_r90,-0.9707008955921244,-7.280256716940933
2024-05-04T00:00:00,0.9,174.93459265373932,3.5181833749999996,-992.1609411583335,3.280658491666667,1160.296691945406,-5.632745841424659,6.632745841424659,38887.5,883.2590180780485,3.88875,9.609310527503222,589063.4222117988,4442333.303726282,589063.6387980526,4442332.624364957,-109.95468720303741,40.12660842530891,daily_mean_r90,-0.9707008955921244,-7.280256716940933
2024-05-05T00:00:00,0.9,146.65517561027664,6.081857375000001,158.22548325,6.754456120833333,-24.40662113555669,1.1664218193050013,-0.16642181930500127,28987.5,779.4112549695446,2.89875,7.162967249527473,589036.3268430022,4442302.873852549,589036.5433567888,4442302.194566718,-109.95500936173018,40.12633717959336,daily_mean_r90,-0.9707008955921244,-7.280256716940933
2024-05-06T00:00:00,0.9,177.01330124783246,4.2299734375,124.17469072916667,1.79659825,46.81203883116578,0.7355450776796414,0.26445492232035867,14812.5,509.2031021678307,1.48125,3.6602484651531078,588994.6716496173,4442326.388769217,588994.8881978703,4442325.709597484,-109.95549493611784,40.126553414505814,daily_mean_r90,-0.9707008955921244,-7.280256716940933
2024-05-07T00:00:00,0.9,185.50331975414142,4.033422270833333,-511.9648230791667,1.9804368312500003,691.4542837312248,-2.727449646980174,3.7274496469801743,16962.5,546.2741699796962,1.69625,4.191525035622588,588993.0378082651,4442335.503705106,588993.2543748949,4442334.824537582,-109.95551285222686,40.12663569574084,daily_mean_r90,-0.9707008955921244,-7.280256716940933
2024-05-08T00:00:00,0.9,100.06915808978094,3.168063479166667,-358.5845037541667,2.4956926875,452.989905677281,-3.5267684301976785,4.526768430197679,34512.5,871.837661840738,3.45125,8.528224482943232,589038.8516307541,4442335.982428211,589039.0682141196,4442335.30313449,-109.95497516628146,40.12663515770658,daily_mean_r90,-0.9707008955921244,-7.280256716940933
2024-05-09T00:00:00,0.9,137.53520577214323,-202.25112938888887,-379.20861027083333,-203.16310634097226,922.1580517728378,-5.704887280283651,6.704887280283652,34812.5,844.9747468305861,3.48125,8.602356097427347,589061.8656748984,4442367.190218987,589062.0823308935,4442366.51086108,-109.95470079273026,40.12691384318654,daily_mean_r90,-0.9707008955921244,-7.280256716940933
2024-05-10T00:00:00,0.9,152.8597532482742,6.2844471041666665,-566.8615799083333,3.1406130125,710.2962730399407,-3.646718694398783,4.646718694398783,37987.5,821.3351365237967,3.79875,9.386915684050882,589105.7860901601,4442343.131726115,589106.0027113392,4442342.452247886,-109.95418871130461,40.126692468303,daily_mean_r90,-0.9707008955921244,-7.280256716940933
2024-05-11T00:00:00,0.9,161.47085886611464,6.142103479166667,72.67036,2.5490437145833336,80.10935167236464,0.5038773421104535,0.4961226578895465,43962.5,907.1930009000657,4.39625,10.86337033919281,589031.7230337524,4442338.604752906,589031.939620111,4442337.925478744,-109.95505845780235,40.12665953476521,daily_mean_r90,-0.9707008955921244,-7.280256716940933
2024-05-12T00:00:00,0.9,182.05517549929996,6.313732145833334,-747.0098971025,4.856929535416666,917.89441092055,-4.041847387217396,5.041847387217396,43712.5,851.3351365237966,4.37125,10.801593993789382,589042.1278173912,4442344.477065315,589042.3444195092,4442343.797762336,-109.9549355486829,40.126711331320955,daily_mean_r90,-0.9707008955921244,-7.280256716940933
2024-05-13T00:00:00,0.9,167.22451851940832,6.514302104166667,-306.2874107916667,4.396716602083333,462.600910604825,-1.766346195525956,2.7663461955259563,39437.5,843.7615433949899,3.94375,9.745218487390764,589021.5974332617,4442334.387122023,589021.8140073863,4442333.707875873,-109.95517786232801,40.12662261405985,daily_mean_r90,-0.9707008955921244,-7.280256716940933
2024-05-14T00:00:00,0.9,186.51892680817946,6.440889208333334,-458.47118185625,3.415418010416667,635.1338014456794,-2.4051975974473963,3.4051975974473963,28712.5,694.0559159102171,2.87125,7.095013269583703,589003.6402728509,4442355.064947154,589003.856883754,4442354.385749815,-109.95538573598827,40.12681078316536,daily_mean_r90,-0.9707008955921244,-7.280256716940933
2024-05-15T00:00:00,0.9,152.9047502139047,5.6692735,-983.6200908458333,6.2245011916666675,1124.6310663680713,-6.355108751002039,7.355108751002039,49587.5,949.1168824543172,4.95875,12.253338110769938,589053.6193520401,4442342.619359791,589053.835954248,4442341.940025221,-109.95480095304207,40.126693379842095,daily_mean_r90,-0.9707008955921244,-7.280256716940933
2024-05-16T00:00:00,0.9,186.706405746194,5.320034020833334,123.01763158333334,2.965655954166666,55.40308418786066,0.7032609354433462,0.2967390645566538,31587.5,779.4112549695448,3.15875,7.805441241723125,589016.1366619426,4442331.640402492,589016.3532284874,4442330.961171464,-109.9552423226657,40.12659844948807,daily_mean_r90,-0.9707008955921244,-7.280256716940933
2024-05-17T00:00:00,0.9,166.77865995491092,5.842074187500001,150.25254277291666,3.471408191666667,7.212634802827608,0.9567532512566203,0.04324674874337978,26437.5,684.0559159102168,2.64375,6.532848526412509,588998.9407042902,4442338.681893481,588999.15727955,4442338.0027095955,-109.9554431441646,40.12666370038053,daily_mean_r90,-0.9707008955921244,-7.280256716940933
2024-05-18T00:00:00,0.9,154.5028183808142,5.8147519375,156.82732358333334,4.3552692395833335,-12.494526379602462,1.0808692456910807,-0.08086924569108056,32962.5,774.7665940288725,3.29625,8.145211141441978,589013.586862213,4442318.641144938,589013.8034008862,4442317.96192133,-109.95527403706159,40.12648162076877,daily_mean_r90,-0.9707008955921244,-7.280256716940933
2024-05-19T00:00:00,0.9,140.9464538316971,7.354316041666666,-926.2541614333331,7.6484189166666665,1052.1978803066968,-6.465231310914121,7.46523131091412,40862.5,828.4062043356622,4.08625,10.097343656190302,589015.2665135079,4442328.620912343,589015.4830734831,4442327.941683804,-109.95525295019661,40.126571341730326,daily_mean_r90,-0.9707008955921244,-7.280256716940933
2024-05-20T00:00:00,0.9,134.78896690493056,7.472678187500001,-114.29968277708326,5.058739772916667,236.55723172159716,-0.7550192508593515,1.7550192508593516,38562.5,901.3351365237966,3.85625,9.529001278478765,589058.899882959,4442346.230509453,589059.1164944685,4442345.551160249,-109.95473848828493,40.12672535013171,daily_mean_r90,-0.9707008955921244,-7.280256716940933
2024-05-21T00:00:00,0.9,141.55376942085317,3.212819958333333,-535.70038945,3.6693945666666665,670.3719443458532,-3.7358113251846508,4.735811325184651,33312.5,784.7665940288721,3.33125,8.231698025006779,589019.1720678646,4442350.178410952,589019.3886739414,4442349.499171009,-109.95520414567957,40.126765120424395,daily_mean_r90,-0.9707008955921244,-7.280256716940933
2024-05-22T00:00:00,0.9,177.39946322385103,3.162027395833333,-321.0889171041667,4.047310833333333,491.27904209885105,-1.7693378163096913,2.7693378163096916,48237.5,917.9036790187207,4.82375,11.919745845591429,589029.866585087,4442310.239572449,589030.0831119311,4442309.560304219,-109.95508415574736,40.12640421485315,daily_mean_r90,-0.9707008955921244,-7.280256716940933
2024-05-23T00:00:00,0.9,156.00052558693278,2.7919357708333337,80.52951518958334,1.45589338125,71.22318124526612,0.5434426840723923,0.4565573159276077,18487.5,595.7716446627546,1.84875,4.568360742583499,588996.2652982512,4442350.0260769,588996.4818961605,4442349.346900019,-109.95547297550662,40.12676617316633,daily_mean_r90,-0.9707008955921244,-7.280256716940933
2024-05-24T00:00:00,0.9,164.25902002211222,4.048751437499999,-175.15138177708332,2.1531947083333334,333.2084556533622,-1.0285549956922082,2.028554995692208,40562.5,823.7615433949894,4.05625,10.02321204170619,589038.8151301214,4442355.512810531,589039.0317540028,4442354.833516368,-109.95497290027083,40.12681109327264,daily_mean_r90,-0.9707008955921244,-7.280256716940933
2024-05-25T00:00:00,0.9,86.08115577999233,-1657.8543949560183,-2239.7843067200233,-2495.446279981548,6479.166137437582,-74.26811273302538,75.26811273302538,38362.5,879.6194077712585,3.83625,9.479580202156024,589028.6496121744,4442338.44715765,589028.8661971504,4442337.767891957,-109.9550945457995,40.12665844057382,daily_mean_r90,-0.9707008955921244,-7.280256716940933
2024-05-26T00:00:00,0.9,191.47622172149912,6.984119416666666,-1592.4442177502085,1.8280563937499998,1775.108263661291,-8.270645972131067,9.270645972131067,32237.5,781.1269837220829,3.22375,7.966059739772038,589003.8343939566,4442351.972213537,589004.0509985021,4442351.29301576,-109.95538388448992,40.12678290294891,daily_mean_r90,-0.9707008955921244,-7.280256716940933
2024-05-27T00:00:00,0.9,183.47699303312706,6.245690833333334,-360.4674385833334,2.1873312520833337,535.5114095310438,-1.918684248516959,2.9186842485169593,44887.5,880.8326112068548,4.48875,11.091942817185494,589038.9566627251,4442345.392668147,589039.1732656539,4442344.713373875,-109.95497263554155,40.12671991499741,daily_mean_r90,-0.9707008955921244,-7.280256716940933
2024-05-28T00:00:00,0.9,145.28000629664297,6.655535,-160.6539205,1.8336015916666666,297.4447902049763,-1.0473897116829176,2.047389711682918,31112.5,775.9797974644692,3.11125,7.688066185456612,589033.1279121652,4442360.924523296,589033.3445453307,4442360.245244629,-109.95503889274727,40.12686044479898,daily_mean_r90,-0.9707008955921244,-7.280256716940933
2024-05-29T00:00:00,0.9,152.33888528056784,6.074138916666667,63.156015000000004,1.15647350625,81.95225785765116,0.46203979563906594,0.5379602043609341,30037.5,746.48232278141,3.00375,7.422427900221871,589013.5895607731,4442344.433837711,589013.806153009,4442343.75461331,-109.95527044815749,40.12671396375005,daily_mean_r90,-0.9707008955921244,-7.280256716940933
2024-05-30T00:00:00,0.9,148.60907203878196,4.533548395833333,66.544801875,0.8575544687500001,76.67316729919862,0.48406132783609934,0.5159386721639007,14737.5,480.41630560342696,1.47375,3.641715561532079,589001.6711691626,4442337.583861427,589001.8877430793,4442336.904670059,-109.95541125387624,40.12665352016241,daily_mean_r90,-0.9707008955921244,-7.280256716940933
2024-05-31T00:00:00,0.9,161.12720977491168,5.37745,49.95767847916667,1.9164982979166665,103.87558299782835,0.3553194203329257,0.6446805796670744,43987.5,916.1879502661827,4.39875,10.869547973733152,589033.5391123251,4442340.163491854,589033.7557025426,4442339.484212647,-109.95503693129906,40.12667338373813,daily_mean_r90,-0.9707008955921244,-7.280256716940933
2024-06-01T00:00:00,0.9,164.3902838149556,6.563349,-143.82431183333338,3.0791546666666663,298.5720919816223,-0.816239287704541,1.8162392877045408,46737.5,869.1168824543175,4.67375,11.54908777317086,589035.6230208032,4442361.806913263,589035.8396566529,4442361.127627705,-109.95500949111307,40.12686812923876,daily_mean_r90,-0.9707008955921244,-7.280256716940933
2024-06-02T00:00:00,0.9,125.96664402921117,6.9088516874999994,-739.7964266875,2.8773624895833336,855.9768565396278,-5.795266025672083,6.795266025672083,32537.5,738.9087296526035,3.25375,8.040191354256152,589004.7528636557,4442357.603034053,589004.9694802123,4442356.923833571,-109.95537232981633,40.12683352873884,daily_mean_r90,-0.9707008955921244,-7.280256716940933
2024-06-03T00:00:00,0.9,71.68419146212521,8.518531666666666,107.61899268750001,3.5219340791666665,-47.97526697120813,1.6692586746487357,-0.6692586746487356,17337.5,533.3452377915614,1.73375,4.28418955372773,588994.5964582437,4442348.247504699,588994.8130518864,4442347.568332469,-109.95549280443456,40.12675032824602,daily_mean_r90,-0.9707008955921244,-7.280256716940933
2024-06-04T00:00:00,0.9,191.08827086536186,7.927717749999999,171.84350247916666,1.1962529270833333,10.120797709111883,0.9470360076875527,0.052963992312447354,22837.5,665.2691193458136,2.28375,5.643269152603145,589006.0402561266,4442338.132355808,589006.2568326831,4442337.453152388,-109.955359907489,40.12665799855365,daily_mean_r90,-0.9707008955921244,-7.280256716940933
2024-06-05T00:00:00,0.9,180.6312698034658,7.526759375,157.16075172916666,2.4005507354166666,13.54320796388248,0.9250229045136091,0.07497709548639082,29962.5,703.5533905932755,2.99625,7.403894996600843,589013.2186558966,4442352.631494833,589013.4352650265,4442351.9522712035,-109.95527367009268,40.126787848366206,daily_mean_r90,-0.9707008955921244,-7.280256716940933
2024-06-06T00:00:00,0.9,174.37967868560395,6.837173666666668,-531.2898238541667,4.095367464583333,694.7369614085206,-2.984047720727193,3.984047720727193,52387.5,928.4062043356622,5.23875,12.945233179288332,589037.603120461,4442351.806918371,589037.8197362375,4442351.127627646,-109.95498763434617,40.126777838564976,daily_mean_r90,-0.9707008955921244,-7.280256716940933
2024-06-07T00:00:00,0.9,87.57327133578463,9.392681291666667,92.18710341666667,4.230622629166667,-18.237136001715385,1.2082500256475315,-0.2082500256475315,46637.5,893.2590180780485,4.66375,11.524377235009489,589036.2231042262,4442342.178522634,589036.4396995474,4442341.499235978,-109.9550051569709,40.12669125112214,daily_mean_r90,-0.9707008955921244,-7.280256716940933
2024-06-08T00:00:00,0.9,191.02396800086026,10.123693416666667,-244.41276695833335,5.702614791666666,419.61042675086026,-1.1966375797877395,2.1966375797877395,29712.5,676.4823227814098,2.97125,7.342118651197415,588999.4393924667,4442346.840481507,588999.6559848463,4442346.1612959895,-109.9554361670831,40.1267371410076,daily_mean_r90,-0.9707008955921244,-7.280256716940933
2024-06-09T00:00:00,0.9,163.27652788961177,8.159492958333333,-94.53559008333328,5.0140330125,244.6385920021117,-0.4983083922969462,1.498308392296946,35387.5,793.0508652763343,3.53875,8.74444169185523,589014.0369241226,4442348.567578925,589014.2535250951,4442347.888353167,-109.95526462827648,40.12675115355869,daily_mean_r90,-0.9707008955921244,-7.280256716940933
2024-06-10T00:00:00,0.9,198.1255923650466,8.265121708333334,211.19405831041664,4.006208354166667,-25.339796007870035,1.1278976416190667,-0.12789764161906675,20437.5,598.7005768508892,2.04375,5.050216236730237,588987.7638927435,4442341.930953634,588987.980470917,4442341.251800423,-109.95557385485408,40.126694151273114,daily_mean_r90,-0.9707008955921244,-7.280256716940933
2024-06-11T00:00:00,0.9,197.15655242087328,7.415933833333334,154.11509812291666,4.9016965104166665,30.72382395420661,0.844165341821255,0.155834658178745,32987.5,766.4823227814106,3.29875,8.151388775982321,589001.9705502902,4442362.619658099,589002.1871763148,4442361.940465115,-109.95540428824526,40.12687901354217,daily_mean_r90,-0.9707008955921244,-7.280256716940933
2024-06-12T00:00:00,0.9,158.09719244285563,7.957276791666668,-68.25278181249998,6.996231927083333,211.3964655366056,-0.3371297887722772,1.3371297887722773,40662.5,805.4772721475276,4.06625,10.04792257986756,588996.3952259936,4442332.08972772,588996.6117866851,4442331.410551057,-109.95547392406735,40.12660458690127,daily_mean_r90,-0.9707008955921244,-7.280256716940933
2024-06-13T00:00:00,0.9,181.48430885111716,5.5045265625,-86.01710752083335,5.366198104166666,256.6306917052839,-0.41406545463836175,1.414065454638362,53837.5,949.1168824543175,5.38375,13.303535982628215,589025.6367119713,4442317.838638468,589025.8532531309,4442317.159381676,-109.9551327444803,40.126473115914166,daily_mean_r90,-0.9707008955921244,-7.280256716940933
2024-06-14T00:00:00,0.9,106.20177944575941,8.357157229166667,-986.0286184583333,4.807604552083333,1079.0656361228428,-9.160523126394086,10.160523126394088,49662.5,997.4011537017794,4.96625,12.271871014390968,589084.0007087588,4442317.770971364,589084.2172698942,4442317.091553722,-109.95444786081237,40.12646632456022,daily_mean_r90,-0.9707008955921244,-7.280256716940933
2024-06-15T00:00:00,0.9,172.50743093872427,8.855519083333332,150.68393710416666,6.996479383333333,5.971495367890952,0.965384126727781,0.03461587327221901,36487.5,788.9087296526033,3.64875,9.016257611630314,589002.2765790556,4442330.532181434,589002.4931385325,4442329.85298862,-109.95540512187908,40.12658993380482,daily_mean_r90,-0.9707008955921244,-7.280256716940933
2024-06-16T00:00:00,0.9,203.06789561911296,5.9181423125,-69.40529345833333,5.233239731249999,261.3218070336963,-0.2868691342714659,1.286869134271466,30287.5,697.6955262170065,3.02875,7.4842042456253,589007.3524818379,4442351.789399055,589007.5690872093,4442351.110191599,-109.95534262525555,40.12678088370978,daily_mean_r90,-0.9707008955921244,-7.280256716940933
2024-06-17T00:00:00,0.9,183.46181856827243,5.941274616666667,18.16977827083332,5.930911900000001,153.41985378077246,0.16375050145008968,0.8362494985499104,29337.5,713.5533905932757,2.93375,7.249454133092273,589001.9231447785,4442319.056198,589002.1396802953,4442318.377006521,-109.95541085190186,40.12648659435643,daily_mean_r90,-0.9707008955921244,-7.280256716940933
2024-06-18T00:00:00,0.9,198.29494079529363,1.7926567395833333,-126.86972763750002,4.008216127083334,319.363795566127,-0.610549388124918,1.610549388124918,43537.5,877.695526217007,4.35375,10.758350552006982,589051.210682788,4442346.690304647,589051.4272926137,4442346.010976602,-109.95482865682719,40.12673030644881,daily_mean_r90,-0.9707008955921244,-7.280256716940933
2024-06-19T00:00:00,0.9,187.16747719717844,2.688914270833333,-546.3384630479168,3.8478877812500003,726.9691381930119,-2.8840569370241584,3.884056937024158,40612.5,855.4772721475277,4.06125,10.035567310786874,589021.3261158409,4442363.41404347,589021.5427501359,4442362.734797208,-109.95517704253668,40.12688412030807,daily_mean_r90,-0.9707008955921244,-7.280256716940933
2024-06-20T00:00:00,0.9,195.0550043034077,5.5872127916666665,-1187.4665390416667,2.763913252083333,1374.1704173013245,-6.0450405628342905,7.0450405628342905,40662.5,871.8376618407381,4.06625,10.04792257986756,589047.0140137788,4442368.647904789,589047.2306677193,4442367.968587703,-109.95487487482961,40.12692854724707,daily_mean_r90,-0.9707008955921244,-7.280256716940933
2024-06-21T00:00:00,0.9,124.66071137274729,11.978732291666667,-2239.35374315625,5.19523651875,2346.8404857185806,-17.82582298685354,18.82582298685354,47412.5,937.1930009000654,4.74125,11.715883905760116,589066.854910439,4442340.829137572,589067.0715134782,4442340.149766602,-109.95464588223713,40.126675851356026,daily_mean_r90,-0.9707008955921244,-7.280256716940933
2024-06-22T00:00:00,0.9,181.98707024172168,11.272920104166667,-2437.8215685749997,6.678425764583333,2601.857292947971,-13.296934883846925,14.296934883846923,46912.5,913.7615433949899,4.69125,11.59233121495326,589051.1564909996,4442333.2007767195,589051.3730728225,4442332.521449182,-109.95483115398206,40.12660879713248,daily_mean_r90,-0.9707008955921244,-7.280256716940933
2024-06-23T00:00:00,0.9,207.13124165743633,10.962763791666665,-719.6242310791667,5.985557089583334,909.8071518553531,-3.3924187610483028,4.392418761048303,40387.5,900.8326112068556,4.03875,9.97996859992379,589034.8751969371,4442328.4334376985,589035.0917632686,4442327.754155147,-109.95502287064888,40.12656757671181,daily_mean_r90,-0.9707008955921244,-7.280256716940933
2024-06-24T00:00:00,0.9,156.20641479522553,9.838935104166668,-693.9400672916667,8.995674110416667,831.3118728723089,-4.321880499991592,5.321880499991592,50362.5,910.8326112068553,5.03625,12.444844781520565,589017.2319002991,4442336.462091792,589017.4484772319,4442335.782857602,-109.95522880515873,40.126641767811094,daily_mean_r90,-0.9707008955921244,-7.280256716940933
2024-06-25T00:00:00,0.9,169.45190669403848,8.688976250000001,-537.7385678104166,6.074616345833334,692.4268819086218,-3.0862737718193065,4.0862737718193065,46862.5,952.5483399593929,4.68625,11.579975945872574,589048.3059324968,4442348.420629847,589048.5225449165,4442347.741309751,-109.9548625050447,40.126746201047155,daily_mean_r90,-0.9707008955921244,-7.280256716940933
2024-06-26T00:00:00,0.9,149.75784035660627,12.27803665625,-525.4368717708334,10.396959910416667,652.519715560773,-3.357165634914208,4.3571656349142085,50837.5,978.406204335662,5.08375,12.56221983778708,589031.2847629678,4442338.326143702,589031.5013485973,4442337.646870756,-109.9550636392935,40.12665707143358,daily_mean_r90,-0.9707008955921244,-7.280256716940933
2024-06-27T00:00:00,0.9,126.65994544882317,17.044257083333335,-1748.3915371875,16.099072666666668,1841.9081528863233,-13.542151793603484,14.542151793603484,51612.5,897.9036790187207,5.16125,12.753726508537707,589062.1784704337,4442341.1637468375,589062.3950725604,4442340.484388737,-109.95470071357012,40.12667936092763,daily_mean_r90,-0.9707008955921244,-7.280256716940933
2024-06-28T00:00:00,0.9,163.4041842088793,13.218959458333336,-926.1747626104167,9.0026801875,1067.3573071734627,-5.532007196395055,6.532007196395055,48262.5,928.4062043356624,4.82625,11.92592348013177,589037.1884991138,4442346.023656724,589037.4051027464,4442345.344367302,-109.95499329771413,40.12672578625461,daily_mean_r90,-0.9707008955921244,-7.280256716940933
2024-06-29T00:00:00,0.9,173.444269417956,9.769049791666665,-1160.9870696875,7.368844729166667,1317.2934445846229,-6.594909010284364,7.594909010284364,57237.5,977.9036790187206,5.72375,14.143694280114834,589037.9873802705,4442346.358253996,589038.203984871,4442345.678962366,-109.9549838767649,40.12672871574105,daily_mean_r90,-0.9707008955921244,-7.280256716940933
2024-06-30T00:00:00,0.9,175.66397487063136,-197.46945559722224,-490.314178375,-199.5448553041667,1062.9924641470202,-5.051283223722261,6.05128322372226,42737.5,992.045814642452,4.27375,10.560666246716012,589027.4783976278,4442306.110627385,589027.6949150765,4442305.43136586,-109.95511275028767,40.12636727376321,daily_mean_r90,-0.9707008955921244,-7.280256716940933
2024-07-01T00:00:00,0.9,200.532974367723,8.233275208333334,-387.17370974999994,5.667686425,573.8057224843897,-1.861403339244277,2.8614033392442773,27912.5,698.1980515339478,2.79125,6.897328964292734,589003.0619301741,4442349.705331047,589003.2785297473,4442349.026135468,-109.95539326188944,40.12676256440639,daily_mean_r90,-0.9707008955921244,-7.280256716940933
2024-07-02T00:00:00,0.9,207.60975532727176,4.6606645625,214.05159270833335,4.266033297916667,-15.36853524147827,1.074026074628582,-0.074026074628582,18312.5,532.1320343559651,1.83125,4.525117300801099,588996.1499705422,4442338.813152269,588996.3665451171,4442338.133976065,-109.9554758750197,40.12666517817452,daily_mean_r90,-0.9707008955921244,-7.280256716940933
2024-07-03T00:00:00,0.9,194.36249926983783,3.9758857916666663,-9.910052583958324,5.5926084708333335,194.70405759129616,-0.001757326247303143,1.0017573262473032,26312.5,653.5533905932754,2.63125,6.501960353710794,588996.6206049538,4442342.067567111,588996.8371864512,4442341.388389507,-109.95546990342272,40.12669444446801,daily_mean_r90,-0.9707008955921244,-7.280256716940933
2024-07-04T00:00:00,0.9,192.8632032229382,2.981014364583334,-642.4331805833334,4.676430262499999,827.6389391791882,-3.2913263149657825,4.291326314965782,30087.5,719.4112549695446,3.00875,7.434783169302557,589005.6313187897,4442349.68519002,589005.8479192014,4442349.0059873685,-109.95536311313072,40.126762110980664,daily_mean_r90,-0.9707008955921244,-7.280256716940933
2024-07-05T00:00:00,0.9,189.51920933952113,2.92105668125,-294.9411726458334,5.070851333333334,476.4684739707712,-1.5140906593652166,2.5140906593652166,36837.5,817.1930009000652,3.68375,9.102744495195113,589023.2025244202,4442324.254508623,589023.4190780607,4442323.57525835,-109.9551604243761,40.12653116847715,daily_mean_r90,-0.9707008955921244,-7.280256716940933
2024-07-06T00:00:00,0.9,182.33939987907175,3.116052420833333,174.42245339583334,4.71965459375,0.08123946865507037,0.9995544601511854,0.0004455398488146211,28862.5,682.3401871576787,2.88625,7.13207907682576,588995.3924784673,4442344.532404257,588995.6090646639,4442343.853229956,-109.9554839754849,40.12671677797512,daily_mean_r90,-0.9707008955921244,-7.280256716940933
2024-07-07T00:00:00,0.9,190.35745621870282,3.01966125,-742.8755544687501,5.472759695833333,924.7405897416196,-3.8579163018399423,4.857916301839943,51512.5,934.7665940288724,5.15125,12.729015970376334,589048.9055241048,4442330.056530758,589049.1220986313,4442329.377209506,-109.95485800262038,40.12658071184701,daily_mean_r90,-0.9707008955921244,-7.280256716940933
2024-07-08T00:00:00,0.9,189.75992287771783,4.3185860625000005,-559.4264984583334,3.6862226020833333,741.1816126714679,-2.905891198897086,3.905891198897086,41312.5,989.1168824543172,4.13125,10.208541077916474,589042.9063976121,4442338.446346704,589043.1229874829,4442337.767041747,-109.95492724413747,40.12665692353041,daily_mean_r90,-0.9707008955921244,-7.280256716940933
2024-07-09T00:00:00,0.9,167.69109761196833,3.887643104166667,-794.5142873333334,2.6359386291666667,955.6818032119684,-4.699061052265187,5.699061052265186,39887.5,900.1219330882002,3.98875,9.856415909116933,589037.6479881112,4442353.854653732,589037.8646081517,4442353.175362825,-109.95498682533301,40.126796280025,daily_mean_r90,-0.9707008955921244,-7.280256716940933
2024-07-10T00:00:00,0.9,167.63000104525952,3.3459606875,-377.80030004166673,3.25579325625,538.8285471431763,-2.2143920764976577,3.2143920764976577,41287.5,844.9747468305867,4.12875,10.20236344337613,589032.3687307141,4442356.593833089,589032.5853546301,4442355.914556636,-109.95504839908952,40.126821513886505,daily_mean_r90,-0.9707008955921244,-7.280256716940933
2024-07-11T00:00:00,0.9,151.25398912097475,3.3477639375,42.29411239375,2.4813166812499996,103.13079610847475,0.31816147985366844,0.6818385201463315,34912.5,817.6955262170067,3.49125,8.627066635588717,589023.6962564181,4442340.047824559,589023.9128430156,4442339.3685724605,-109.95515245209113,40.12667338403219,daily_mean_r90,-0.9707008955921244,-7.280256716940933
2024-07-12T00:00:00,0.9,143.98182875296914,2.9484849583333332,-171.18917983333333,2.144244379166667,310.07827924880246,-1.1535931439015574,2.1535931439015576,33337.5,821.8376618407378,3.33375,8.23787565954712,589027.5693178681,4442353.52329473,589027.7859337672,4442352.844031575,-109.9551051433449,40.12679436236816,daily_mean_r90,-0.9707008955921244,-7.280256716940933
2024-07-13T00:00:00,0.9,133.00426417080473,4.9164564375,-164.41550691666666,2.1285803958333336,290.37473425413805,-1.1831986821207279,2.183198682120728,32762.5,791.8376618407376,3.27625,8.095790065119237,589022.9995522655,4442363.659985125,589023.2161876427,4442362.980734249,-109.95515737095883,40.12688615859121,daily_mean_r90,-0.9707008955921244,-7.280256716940933
2024-07-14T00:00:00,0.9,129.00631472028968,6.429565999999999,-119.71389477083335,4.3861504374999996,237.904493053623,-0.8441306037572299,1.8441306037572298,42837.5,839.4112549695446,4.28375,10.585376784877385,589024.1005634882,4442344.907537922,589024.3171603133,4442344.228284566,-109.95514703727495,40.12671711802573,daily_mean_r90,-0.9707008955921244,-7.280256716940933
2024-07-15T00:00:00,0.9,133.49808153794666,8.773436729166667,-947.1514712020834,6.545435039583334,1065.3306809712801,-6.980119779237885,7.980119779237885,47537.5,893.2590180780484,4.75375,11.746772078461829,589051.017326173,4442323.057426965,589051.233886906,4442322.378100083,-109.95483418658497,40.12651743953159,daily_mean_r90,-0.9707008955921244,-7.280256716940933
2024-07-16T00:00:00,0.9,179.28542205366216,7.469643156250001,-525.6816528770834,3.3035234999999994,694.1939082744955,-2.872004206045907,3.872004206045907,42387.5,999.1168824543173,4.23875,10.474179363151213,589050.5944322086,4442339.3233713815,589050.8110265398,4442338.644045231,-109.95483690491446,40.12666400962568,daily_mean_r90,-0.9707008955921244,-7.280256716940933
2024-07-17T00:00:00,0.9,182.38925696406181,6.981827312499999,-333.8455493750001,3.0224495562500002,506.23052947031186,-1.7755501497002102,2.77555014970021,37212.5,869.6194077712588,3.72125,9.195409013300255,589024.50075173,4442343.183870153,589024.7173451139,4442342.504615746,-109.95514257885928,40.12670154867461,daily_mean_r90,-0.9707008955921244,-7.280256716940933
2024-07-18T00:00:00,0.9,137.44655748941545,7.296621291666668,107.02061285416669,2.4948050916666666,20.634518251915438,0.8498724258444634,0.15012757415553657,25437.5,688.9087296526031,2.54375,6.285743144798796,589008.9810124899,4442351.640817587,589009.1976181116,4442350.961605653,-109.955323535086,40.12677937287008,daily_mean_r90,-0.9707008955921244,-7.280256716940933
2024-07-19T00:00:00,0.9,164.40643884283853,8.016839520833333,-122.83521653125,3.7268089979166668,275.49800685533853,-0.6757130000163561,1.6757130000163563,39412.5,778.9087296526033,3.94125,9.73904085285042,589015.8787425883,4442345.78939364,589016.0953384235,4442345.110162895,-109.95524339788268,40.126725932380225,daily_mean_r90,-0.9707008955921244,-7.280256716940933
2024-07-20T00:00:00,0.9,178.44415940775698,6.718685666666667,-1178.0959070770832,4.06493826875,1345.7564425494236,-6.5416110396433815,7.541611039643382,41862.5,874.9747468305862,4.18625,10.344449037804015,589053.9293705029,4442362.7017726805,589054.1460144734,4442362.022436725,-109.95479454403254,40.12687425144248,daily_mean_r90,-0.9707008955921244,-7.280256716940933
2024-07-21T00:00:00,0.9,175.04136639296712,5.9285353125,-2208.8160195110418,4.5357586125000005,2373.3930919790087,-12.559041162023103,13.559041162023103,40637.5,887.9036790187206,4.06375,10.041744945327217,589075.8726372181,4442358.840245799,589076.0892806929,4442358.160849558,-109.95453757442831,40.126837141930764,daily_mean_r90,-0.9707008955921244,-7.280256716940933
2024-07-22T00:00:00,0.9,156.43925514439601,5.4615413125,-550.895074,6.716351,695.156436831896,-3.443618938163923,4.443618938163923,40712.5,911.8376618407381,4.07125,10.060277848948246,589029.8598014367,4442341.049214408,589030.076392229,4442340.369945308,-109.95507998543077,40.126681752025824,daily_mean_r90,-0.9707008955921244,-7.280256716940933
2024-07-23T00:00:00,0.9,162.11818714549938,5.316322895833333,83.68538708333334,5.7332959812499995,67.3831811850827,0.5843576691083585,0.41564233089164143,35487.5,855.4772721475279,3.54875,8.769152230016601,589021.7358007887,4442353.895842449,589021.9524154626,4442353.21659534,-109.95517354776638,40.12679833598929,daily_mean_r90,-0.9707008955921244,-7.280256716940933
2024-07-24T00:00:00,0.9,159.68667612912714,6.005997624999999,-555.7099333125,4.617868139583334,704.7727436770438,-3.413472437156527,4.4134724371565275,35437.5,891.8376618407382,3.54375,8.756796960935915,589040.8738631328,4442346.757515455,589041.0904695519,4442346.078215865,-109.95494994909643,40.12673200664882,daily_mean_r90,-0.9707008955921244,-7.280256716940933
2024-07-25T00:00:00,0.9,154.23365006967114,8.071147520833334,-55.18780608333333,4.241996164583333,197.1083124675878,-0.27798513734550867,1.2779851373455087,19837.5,576.9848480983512,1.98375,4.9019530077620095,588994.9721868142,4442353.640028131,588995.1887917885,4442352.960854693,-109.95548765172659,40.126798864891455,daily_mean_r90,-0.9707008955921244,-7.280256716940933
2024-07-26T00:00:00,0.9,177.8149534078307,7.518286687500002,-896.4315767416666,8.0529367875,1058.6753066744973,-4.953803582797412,5.953803582797412,38387.5,794.7665940288725,3.83875,9.485757836696365,589017.9441722541,4442319.756074679,589018.1607147437,4442319.07683903,-109.95522275087264,40.12649120285654,daily_mean_r90,-0.9707008955921244,-7.280256716940933
2024-07-27T00:00:00,0.9,121.15543666476908,7.598216375,-963.0570585208334,10.571354495833333,1066.0429243147692,-7.798968941562693,8.798968941562693,55837.5,961.8376618407382,5.58375,13.797746745855639,589032.982712508,4442358.440183063,589033.1993404669,4442357.760904868,-109.95504093936435,40.12683808098138,daily_mean_r90,-0.9707008955921244,-7.280256716940933
2024-07-28T00:00:00,0.9,163.9978950340005,5.134028575,-762.2421165833334,6.497333191666667,914.6086498506672,-4.576953592368048,5.576953592368048,46337.5,903.5533905932754,4.63375,11.450245620525376,589031.9461423755,4442343.813719715,589032.1627396218,4442343.13444479,-109.95505512109419,40.12670643405234,daily_mean_r90,-0.9707008955921244,-7.280256716940933
2024-07-29T00:00:00,0.9,161.11610311181622,2.3651194749999997,-763.6546605,6.5232636812500004,915.8823804555661,-4.68461105231632,5.684611052316319,46587.5,894.9747468305864,4.65875,11.512021965928803,589006.7352961485,4442347.927487049,589006.9518932881,4442347.248281412,-109.95535040045871,40.126746160540485,daily_mean_r90,-0.9707008955921244,-7.280256716940933
2024-07-30T00:00:00,0.9,165.61235169335075,2.1028215520833333,-932.7176485854169,6.7103341875,1089.5168445391844,-5.578717308214686,6.578717308214687,33312.5,744.7665940288723,3.33125,8.231698025006779,588995.87031677,4442326.496109515,588996.0868656591,4442325.8169344785,-109.95548085511196,40.1265542545625,daily_mean_r90,-0.9707008955921244,-7.280256716940933
2024-07-31T00:00:00,0.9,156.41394831681671,2.6659169625000003,-536.0063059583334,6.5433668562500005,683.2109704564001,-3.367967037521201,4.3679670375212005,44462.5,839.6194077712587,4.44625,10.986923029999666,589021.7058685077,4442323.596285196,589021.9224202659,4442322.917039066,-109.9551780782211,40.1265253975976,daily_mean_r90,-0.9707008955921244,-7.280256716940933
2024-08-01T00:00:00,0.9,170.87236061715168,7.379884208333333,-523.9869388125001,8.71736788125,678.7620473400684,-2.97233376356794,3.97233376356794,47537.5,940.3300858899137,4.75375,11.746772078461829,589025.1648193821,4442325.914272441,589025.3813771434,4442325.235016713,-109.95513716816927,40.126545912030814,daily_mean_r90,-0.9707008955921244,-7.280256716940933
2024-08-02T00:00:00,0.9,148.93576436765895,7.760861645833333,-550.0343752166666,4.146648320833333,687.0626296176589,-3.6131473695034995,4.6131473695034995,42312.5,887.9036790187208,4.23125,10.455646459530184,589030.0940787586,4442343.1138552865,589030.3106739173,4442342.434585482,-109.95507695140964,40.1267003257173,daily_mean_r90,-0.9707008955921244,-7.280256716940933
2024-08-03T00:00:00,0.9,120.03484116316486,8.566420875,-151.08678966666665,2.489689316666667,260.0655206381648,-1.166583619539718,2.1665836195397175,40562.5,860.1219330881997,4.05625,10.02321204170619,589035.0838769107,4442338.645707295,589035.3004645089,4442337.966423877,-109.95501901303484,40.12665954779579,daily_mean_r90,-0.9707008955921244,-7.280256716940933
2024-08-04T00:00:00,0.9,69.94198051177337,14.329923541666666,-1623.8623353937498,2.65294074375,1676.8214516201067,-22.974463395954974,23.974463395954974,43787.5,906.1879502661828,4.37875,10.82012689741041,589042.0338254174,4442325.906422962,589042.2503889686,4442325.227120755,-109.95493921368838,40.12654405501033,daily_mean_r90,-0.9707008955921244,-7.280256716940933
2024-08-05T00:00:00,0.9,125.72404124838083,14.206293125,-169.645720375,2.4534019375,278.7100665608808,-1.2168398644636336,2.2168398644636333,36362.5,795.9797974644688,3.63625,8.985369438928599,589020.441887745,4442347.856695877,589020.658489438,4442347.177452508,-109.95518956469162,40.126744071728545,daily_mean_r90,-0.9707008955921244,-7.280256716940933
2024-08-06T00:00:00,0.9,101.49264679319327,12.662559791666666,-377.2196062708333,3.03710446875,463.0125888036099,-3.5620308803953904,4.56203088039539,54112.5,977.4011537017797,5.41125,13.371489962571985,589046.1481814075,4442335.859524062,589046.3647670256,4442335.1802102495,-109.95488955906767,40.126633277839204,daily_mean_r90,-0.9707008955921244,-7.280256716940933
2024-08-07T00:00:00,0.9,122.47351814539316,14.355525416666667,-771.7674465020833,3.51857500625,876.3668642245599,-6.1555620961601685,7.1555620961601685,47187.5,972.0458146424522,4.71875,11.66028519489703,589042.2212281416,4442338.272153311,589042.4378174169,4442337.592850248,-109.95493530855579,40.12665542694067,daily_mean_r90,-0.9707008955921244,-7.280256716940933
2024-08-08T00:00:00,0.9,72.71550115160993,11.135362687499999,-594.2054010416667,2.9459200854166667,652.83961942036,-7.977997938282876,8.977997938282876,49362.5,979.6194077712586,4.93625,12.197739399906855,589045.557190972,4442344.505497663,589045.7737943255,4442343.826185241,-109.95489530141654,40.126711224251544,daily_mean_r90,-0.9707008955921244,-7.280256716940933
2024-08-09T00:00:00,0.9,90.0212230257914,11.895236645833334,-1209.6636462916667,2.1518920666666665,1285.6377406049583,-13.281496044956182,14.281496044956182,46137.5,900.3300858899137,4.61375,11.400824544202633,589050.649359873,4442321.745754761,589050.8659177586,4442321.06642893,-109.95483868559472,40.126505662825615,daily_mean_r90,-0.9707008955921244,-7.280256716940933
2024-08-10T00:00:00,0.9,123.05917943053835,15.523915833333334,-548.5203446041666,5.22151389375,650.8340943076216,-4.28878948583425,5.28878948583425,45987.5,930.3300858899138,4.59875,11.363758736960577,589048.2977062381,4442323.712496969,589048.5142673939,4442323.033177565,-109.95486601057212,40.12652362851051,daily_mean_r90,-0.9707008955921244,-7.280256716940933
2024-08-11T00:00:00,0.9,147.6784080141555,16.275438750000003,-517.8003715625,6.265256477083334,642.9380843495721,-3.3536363439667105,4.35363634396671,38012.5,833.7615433949896,3.80125,9.393093318591223,589060.0399499808,4442301.871553493,589060.2564698813,4442301.1922023,-109.95473123071463,40.12632563933254,daily_mean_r90,-0.9707008955921244,-7.280256716940933
2024-08-12T00:00:00,0.9,140.8496384493122,-193.22379062500002,-985.066306076389,-202.0818634215278,1521.221598572229,-9.800323063091664,10.800323063091662,45612.5,885.9797974644688,4.56125,11.271094218855435,589056.5529677946,4442343.515807576,589056.7695728687,4442342.836464904,-109.95476640368047,40.12670114440953,daily_mean_r90,-0.9707008955921244,-7.280256716940933
2024-08-13T00:00:00,0.9,101.13531258394546,16.738094166666666,-766.4962160958333,-194.00326210208334,1044.8966966151954,-9.331670214079763,10.331670214079761,43212.5,883.2590180780479,4.32125,10.678041302982527,589069.9284628797,4442306.282463687,589070.1449953434,4442305.603085116,-109.95461458199135,40.1263643257787,daily_mean_r90,-0.9707008955921244,-7.280256716940933
2024-08-14T00:00:00,0.9,142.35468606144047,14.186155833333332,-531.8535817375001,3.16424075,656.8578712156072,-3.6142342720780296,4.61423427207803,43537.5,911.3351365237966,4.35375,10.758350552006982,589060.9648458654,4442331.224590229,589061.1814269626,4442330.545235727,-109.9547163268264,40.12658995654006,daily_mean_r90,-0.9707008955921244,-7.280256716940933
2024-08-15T00:00:00,0.9,173.27976837604584,12.558514583333334,-340.33190895416675,5.812433495833332,495.2407292510459,-1.8580412698630309,2.8580412698630306,46537.5,911.0407640085687,4.65375,11.499666696848118,589038.8719434913,4442343.29094024,589039.088542029,4442342.611646259,-109.95497391965996,40.12670099138713,daily_mean_r90,-0.9707008955921244,-7.280256716940933
2024-08-16T00:00:00,0.9,161.3648414456348,7.8615048750000005,-311.3135068541667,4.302106225,460.51473719980146,-1.8538728329798708,2.853872832979871,41687.5,826.48232278141,4.16875,10.301205596021616,589020.1225265001,4442344.901580324,589020.3391219483,4442344.222337923,-109.95519371995657,40.126717485554025,daily_mean_r90,-0.9707008955921244,-7.280256716940933
2024-08-17T00:00:00,0.9,96.93892959787301,10.700851624999999,-757.0522618937499,5.752214591666667,837.5381252749562,-7.639853243163241,8.639853243163241,42587.5,898.4062043356622,4.25875,10.523600439473956,589037.146179076,4442345.920853307,589037.3627824801,4442345.241564006,-109.95499380851764,40.126724864672425,daily_mean_r90,-0.9707008955921244,-7.280256716940933
2024-08-18T00:00:00,0.9,158.32086394144468,16.29723125,-940.2454364439583,7.339321041666667,1074.9297480937362,-5.789564693705192,6.7895646937051914,40437.5,807.9036790187205,4.04375,9.992323869004474,589026.6019467582,4442332.100054884,589026.818517856,4442331.420795015,-109.95511945042324,40.126601482033124,daily_mean_r90,-0.9707008955921244,-7.280256716940933
2024-08-19T00:00:00,0.9,164.82831910197874,14.977666833333332,-82.19599167500003,5.125248312499999,226.92139563114543,-0.3767136428222017,1.3767136428222015,32787.5,771.837661840738,3.27875,8.101967699659578,589013.8992450314,4442345.126216622,589014.1158388101,4442344.446991349,-109.9552667185529,40.126720167985056,daily_mean_r90,-0.9707008955921244,-7.280256716940933
2024-08-20T00:00:00,0.9,163.96791321030332,12.456193333333333,-302.94348508333337,7.4617985625,446.99340639780337,-1.7261029163949588,2.7261029163949586,38837.5,815.9797974644689,3.88375,9.596955258422536,589018.7116879453,4442319.2794985855,589018.9282297106,4442318.600260835,-109.95521380991478,40.12648682854884,daily_mean_r90,-0.9707008955921244,-7.280256716940933
2024-08-21T00:00:00,0.9,123.0541185632923,12.448086041666668,-296.2807804375,4.85952240625,402.0272905528757,-2.2670770815858132,3.2670770815858132,45412.5,909.6194077712584,4.54125,11.221673142532692,589036.6111708365,4442329.479852371,589036.8277399371,4442328.800565005,-109.95500235486234,40.126576819091305,daily_mean_r90,-0.9707008955921244,-7.280256716940933
2024-08-22T00:00:00,0.9,91.17492917706939,12.601604895833333,-565.2076275437499,9.017459862499999,634.763491962486,-5.962039868763943,6.962039868763943,41337.5,921.3351365237963,4.13375,10.214718712456817,589033.2301040234,4442339.277695115,589033.4466922968,4442338.598416784,-109.95504067967093,40.12666543711131,daily_mean_r90,-0.9707008955921244,-7.280256716940933
2024-08-23T00:00:00,0.9,108.98032593681536,13.483941666666666,82.26191393750001,5.73676679375,7.497703538898676,0.931201311113295,0.06879868888670508,41812.5,896.6904755831245,4.18125,10.332093768723329,589031.240460993,4442321.392898756,589031.457011462,4442320.713626418,-109.95506649500643,40.12650453969757,daily_mean_r90,-0.9707008955921244,-7.280256716940933
2024-08-24T00:00:00,0.9,159.06611001378704,10.340530854166666,-49.64098084395837,6.81040539375,191.55615460982875,-0.2042549767089019,1.204254976708902,48537.5,892.0458146424518,4.85375,11.993877460075542,589033.3406396934,4442295.941742393,589033.5571380603,4442295.262464994,-109.95504536057614,40.126275050643784,daily_mean_r90,-0.9707008955921244,-7.280256716940933
2024-08-25T00:00:00,0.9,123.33732718115789,12.630024083333334,-975.7676513541666,4.2592526625,1082.215701789491,-7.774437767732168,8.774437767732168,44362.5,855.6854249492413,4.43625,10.962212491838294,589075.233526262,4442364.350123706,589075.4501809395,4442363.670729089,-109.95454431390303,40.12688684318192,daily_mean_r90,-0.9707008955921244,-7.280256716940933
2024-08-26T00:00:00,0.9,150.9790209718561,7.862572312499999,-77.82546193750001,4.648803833333333,216.29310676352276,-0.432603717862509,1.4326037178625088,23337.5,661.1269837220824,2.33375,5.766821843410002,588993.922556252,4442342.937984927,588994.1391386309,4442342.258814725,-109.95550144472374,40.126702570866215,daily_mean_r90,-0.9707008955921244,-7.280256716940933
2024-08-27T00:00:00,0.9,141.51382875118586,6.5652452708333335,-544.2587635833333,4.739917154166666,674.4674299095192,-3.76608848662691,4.76608848662691,40487.5,917.9036790187208,4.04875,10.00467913808516,589036.0062007474,4442333.566224541,589036.2227781204,4442332.8869387265,-109.95500889039008,40.126613693619184,daily_mean_r90,-0.9707008955921244,-7.280256716940933
2024-08-28T00:00:00,0.9,148.65576223043746,6.567841541666667,-77.39127397916663,5.54000525,213.93918941793743,-0.439158403333881,1.439158403333881,30487.5,716.48232278141,3.04875,7.533625321948041,588995.1346696696,4442341.334396102,588995.3512491335,4442340.655222613,-109.95548744181407,40.126687997271205,daily_mean_r90,-0.9707008955921244,-7.280256716940933
2024-08-29T00:00:00,0.9,139.63919010909223,4.8868114375000005,-88.8211828208333,3.8975294708333337,219.6760320215922,-0.5731689065939991,1.573168906593999,37787.5,833.7615433949898,3.77875,9.33749460772814,589013.2429536333,4442348.77346592,589013.4595547607,4442348.094242343,-109.95527391704911,40.12675309226795,daily_mean_r90,-0.9707008955921244,-7.280256716940933
2024-08-30T00:00:00,0.9,132.977815002497,3.431659960416667,-113.34137624999998,4.1698379625,238.71769332958033,-0.7951693169653733,1.7951693169653733,41137.5,906.6904755831243,4.11375,10.165297636134074,589037.9877620302,4442351.294173871,589038.2043768738,4442350.614882101,-109.9549831913486,40.12677317897647,daily_mean_r90,-0.9707008955921244,-7.280256716940933
2024-08-31T00:00:00,0.9,134.19656466666692,3.952891585416667,-329.2643617895833,5.630790533333332,453.8772443375002,-2.382182289575694,3.382182289575694,46687.5,969.6194077712589,4.66875,11.536732504090175,589024.0994480123,4442337.51070281,589024.3160294814,4442336.831449676,-109.95514807063509,40.126650486685236,daily_mean_r90,-0.9707008955921244,-7.280256716940933
2024-09-01T00:00:00,0.9,126.95780521108237,5.210947333333333,-761.4559126666668,7.977463272916666,875.2253072714991,-5.893828274806212,6.893828274806212,48762.5,910.8326112068554,4.87625,12.049476170938627,589022.6440211034,4442326.111187485,589022.8605784071,4442325.431938695,-109.95516672224602,40.12654795276814,daily_mean_r90,-0.9707008955921244,-7.280256716940933
2024-09-02T00:00:00,0.9,129.26243796338503,6.96853425,-350.99703595624993,4.661301908333333,468.62963776130164,-2.6254123405443277,3.6254123405443277,45887.5,918.4062043356623,4.58875,11.339048198799205,589020.8414886941,4442348.257707869,589021.0580913565,4442347.578463387,-109.95518482010215,40.12674764177707,daily_mean_r90,-0.9707008955921244,-7.280256716940933
2024-09-03T00:00:00,0.9,97.04887840160347,9.718383416666667,-138.53991358333334,6.29147446875,219.57893409952015,-1.2625602450640192,2.262560245064019,46112.5,879.1168824543172,4.61125,11.39464690966229,589021.9367427656,4442351.490445187,589022.1533525151,4442350.811197596,-109.95517152150802,40.12677664664552,daily_mean_r90,-0.9707008955921244,-7.280256716940933
2024-09-04T00:00:00,0.9,125.58373106962358,9.559976291666667,-521.502416625,4.879454133333334,632.6467172696237,-4.037648681729996,5.037648681729997,48137.5,888.9087296526034,4.81375,11.895035307430057,589031.7172800836,4442343.016064044,589031.9338755971,4442342.336789773,-109.95505791680223,40.12669927292208,daily_mean_r90,-0.9707008955921244,-7.280256716940933
2024-09-05T00:00:00,0.9,120.3773329192254,8.465611229166667,-1616.0372339395833,2.9493227041666668,1724.9996329254755,-13.329937298768453,14.329937298768453,44212.5,945.4772721475279,4.42125,10.925146684596237,589079.5501391004,4442349.413684247,589079.7667642938,4442348.734278113,-109.95449572030475,40.12675183688592,daily_mean_r90,-0.9707008955921244,-7.280256716940933
2024-09-06T00:00:00,0.9,112.48223579205505,9.368576208333332,-797.8327392291667,2.4062907250000003,898.5401080878884,-6.988284565653655,7.988284565653654,33337.5,922.5483399593929,3.33375,8.23787565954712,589045.4845784602,4442353.150841283,589045.7011997264,4442352.471528824,-109.95489496074539,40.1267891100875,daily_mean_r90,-0.9707008955921244,-7.280256716940933
2024-09-07T00:00:00,0.9,104.25630921013783,8.746226083333333,-598.8830693085416,2.651680991666667,691.7414714436794,-5.6350082473130065,6.6350082473130065,39637.5,881.8376618407381,3.96375,9.794639563713506,589036.119772241,4442347.755518182,589036.3363791012,4442347.076231653,-109.95500560020201,40.126741500216994,daily_mean_r90,-0.9707008955921244,-7.280256716940933
2024-09-08T00:00:00,0.9,77.04599943505688,8.303250854166667,-390.0993668354167,1.9873156583333333,456.8547997579736,-4.9296368806671484,5.9296368806671484,35062.5,794.2640687119311,3.50625,8.664132442830773,589016.1770066124,4442361.313028574,589016.3936347825,4442360.633796539,-109.95523775673595,40.12686573931863,daily_mean_r90,-0.9707008955921244,-7.280256716940933
2024-09-09T00:00:00,0.9,48.8471058908016,10.1645119375,-389.72880833333335,1.724103335416667,426.6872989512183,-7.735160275515273,8.735160275515275,33237.5,715.9797974644684,3.32375,8.21316512138575,589016.1240307777,4442346.492846792,589016.3406281573,4442345.81361535,-109.95524042242911,40.12673224319001,daily_mean_r90,-0.9707008955921244,-7.280256716940933
2024-09-10T00:00:00,0.9,76.95865752668583,11.189435083333334,-790.3260376291668,2.6658811854166666,853.4293788871025,-10.08945252314428,11.089452523144278,39037.5,780.832611206855,3.90375,9.646376334745279,589021.1517323978,4442345.19581502,589021.3683288106,4442344.516569775,-109.95518160174633,40.1267200270801,daily_mean_r90,-0.9707008955921244,-7.280256716940933
2024-09-11T00:00:00,0.9,79.94233341025517,10.394627208333334,-361.9377398916667,2.1515264291666667,429.33391966442184,-4.370545258682004,5.370545258682004,42812.5,874.9747468305859,4.28125,10.579199150337042,589039.9591448692,4442316.674419628,589040.1756885485,4442315.995123397,-109.95496483340665,40.12646111188073,daily_mean_r90,-0.9707008955921244,-7.280256716940933
2024-09-12T00:00:00,0.9,107.13728777310673,6.629218270833334,-78.09163995833329,2.22770485625,176.37200460435668,-0.6462242816700184,1.6462242816700183,17787.5,541.6295090390237,1.77875,4.3953869754539,588995.4530562457,4442347.542892313,588995.6696487169,4442346.863717748,-109.95548284949675,40.12674389035471,daily_mean_r90,-0.9707008955921244,-7.280256716940933
2024-09-13T00:00:00,0.9,103.37702672476354,5.589360333333333,-566.5941964291667,1.7150837,662.6667791205969,-5.410193832377439,6.410193832377439,27262.5,660.6244584051409,2.72625,6.736710466243821,589005.3594984531,4442347.369003193,589005.5760939609,4442346.6898013605,-109.95536662233026,40.12674127530308,daily_mean_r90,-0.9707008955921244,-7.280256716940933
2024-09-14T00:00:00,0.9,102.57254165164154,5.1983911874999995,43.24709711875,2.7241275083333334,51.40292583705821,0.4988627072181401,0.5011372927818599,45937.5,886.6904755831239,4.59375,11.35140346787989,589044.0800611677,4442349.943456496,589044.2966752975,4442349.264147993,-109.95491188513564,40.12676036638365,daily_mean_r90,-0.9707008955921244,-7.280256716940933
2024-09-15T00:00:00,0.9,75.62680194799619,6.802925291666667,-172.582832181875,2.1241096083333333,239.2825992298712,-2.1639920380926707,3.1639920380926707,47512.5,1016.1879502661825,4.75125,11.740594443921488,589043.2688980658,4442345.138884389,589043.4855019485,4442344.45957825,-109.95492206691263,40.12671717220978,daily_mean_r90,-0.9707008955921244,-7.280256716940933
2024-09-16T00:00:00,0.9,92.6813869842448,7.853155645833333,-1382.2436131875,2.4840003708333334,1464.587844155078,-14.80239454556337,15.802394545563372,40837.5,925.4772721475273,4.08375,10.09116602164996,589047.3135157923,4442311.312039771,589047.5300508814,4442310.632723415,-109.95487927077703,40.12641202814562,daily_mean_r90,-0.9707008955921244,-7.280256716940933
2024-09-17T00:00:00,0.9,91.65791400952033,8.176779375,-736.1048820000001,2.302671489583333,817.2833451449371,-7.916669705793735,8.916669705793735,37037.5,853.0508652763344,3.70375,9.152165571517855,589023.6016375179,4442330.369782353,589023.8182039908,4442329.690530799,-109.95515489734714,40.12658621324064,daily_mean_r90,-0.9707008955921244,-7.280256716940933
2024-09-18T00:00:00,0.9,104.09878737432278,6.575026687499999,-566.3496262583334,1.9825709333333332,661.8908160118228,-5.358295160843403,6.358295160843403,38587.5,813.7615433949896,3.85875,9.535178913019108,589023.1199218737,4442339.915030838,589023.3365079984,4442339.235780329,-109.95515923363052,40.12667224883571,daily_mean_r90,-0.9707008955921244,-7.280256716940933
2024-09-19T00:00:00,0.9,103.40820806222378,5.944734125,-369.39812958125003,2.7016134416666664,464.1599900768071,-3.4886184450416966,4.488618445041697,46312.5,899.411254969545,4.63125,11.444067985985033,589043.3349410419,4442347.899247988,589043.5515506738,4442347.219941594,-109.9549209110758,40.126742030855375,daily_mean_r90,-0.9707008955921244,-7.280256716940933
2024-09-20T00:00:00,0.9,98.9494192465833,5.0966674375,-159.23334481249995,2.9283625791666665,250.15773404241656,-1.5281374660625353,2.5281374660625353,57562.5,986.6904755831246,5.75625,14.224003529139292,589033.9412760558,4442351.020712806,589034.1578889451,4442350.341432182,-109.95503071421068,40.126771144120745,daily_mean_r90,-0.9707008955921244,-7.280256716940933
2024-09-21T00:00:00,0.9,63.69029156845844,7.354285708333333,-330.50846508333336,4.517788168749999,382.3266827747085,-5.002903635065936,6.002903635065936,36162.5,718.9087296526034,3.61625,8.935948362605856,589000.2418097547,4442333.278747602,589000.4583742378,4442332.599560306,-109.95542862090745,40.12661489055072,daily_mean_r90,-0.9707008955921244,-7.280256716940933
2024-09-22T00:00:00,0.9,109.24711834655223,7.565633552083334,53.846418606250005,3.2508045312499996,44.58426165696889,0.5918953073385488,0.4081046926614513,30287.5,841.8376618407376,3.02875,7.4842042456253,589040.5822933665,4442337.763742161,589040.7988810233,4442337.084443626,-109.95495461140979,40.1266510206883,daily_mean_r90,-0.9707008955921244,-7.280256716940933
2024-09-23T00:00:00,0.9,88.73290759288564,6.305783666666667,-351.4666086520833,3.5193840562500007,430.3743485220523,-3.850222540848628,4.850222540848628,44737.5,912.0458146424519,4.47375,11.054877009943436,589020.9290583411,4442340.409616335,589021.1456447392,4442339.730371846,-109.95518487495721,40.12667693608151,daily_mean_r90,-0.9707008955921244,-7.280256716940933
2024-09-24T00:00:00,0.9,97.24212708712423,5.361946083333334,-560.5980739854167,3.421887854166666,649.0563671350409,-5.674641809855906,6.674641809855906,38762.5,844.2640687119306,3.87625,9.578422354801507,589025.3024405331,4442347.794259871,589025.5190437625,4442347.115003123,-109.95513253518865,40.12674299465787,daily_mean_r90,-0.9707008955921244,-7.280256716940933
2024-09-25T00:00:00,0.9,96.66238044772344,5.7525329375,53.75459672916666,5.523855066666666,31.63139571439011,0.672764155322071,0.32723584467792904,46137.5,924.2640687119313,4.61375,11.400824544202633,589037.8654485563,4442328.280004739,589038.0820155982,4442327.600713952,-109.95498780159552,40.126565877914665,daily_mean_r90,-0.9707008955921244,-7.280256716940933
2024-09-26T00:00:00,0.9,97.07227581576346,5.598194187499999,-358.1411534479166,3.464455995833333,446.15077908034675,-3.596067984715949,4.596067984715949,41637.5,936.6904755831246,4.16375,10.28885032694093,589026.6190601673,4442353.091122786,589026.8356748448,4442352.411862257,-109.95511635414778,40.126790569937796,daily_mean_r90,-0.9707008955921244,-7.280256716940933
2024-09-27T00:00:00,0.9,90.27575304013128,5.026551979166666,-765.6935322916667,4.302282679166667,846.6404506734646,-8.378381482978028,9.378381482978028,36237.5,902.0458146424517,3.62375,8.954481266226885,589014.4620795585,4442343.763131787,589014.6786707002,4442343.083905003,-109.95526030174122,40.126707829587296,daily_mean_r90,-0.9707008955921244,-7.280256716940933
2024-09-28T00:00:00,0.9,91.15734299480744,5.276288208333333,-572.5773492266667,3.7015614812499997,654.7568425318908,-6.182710915226956,7.182710915226956,46012.5,955.4772721475277,4.60125,11.36993637150092,589037.5635663716,4442358.2094597975,589037.7801954201,4442357.530169003,-109.95498721524692,40.12683551750742,daily_mean_r90,-0.9707008955921244,-7.280256716940933
2024-09-29T00:00:00,0.9,78.66835715225918,6.586087520833334,-149.48864727083333,5.395922922916667,216.1749939793425,-1.7479281607590358,2.747928160759036,49837.5,927.9036790187209,4.98375,12.315114456173367,589010.7400681805,4442345.346259232,589010.9566613326,4442344.667042648,-109.95530376082857,40.126722484609,daily_mean_r90,-0.9707008955921244,-7.280256716940933
2024-09-30T00:00:00,0.9,74.89661292710838,5.559329750000001,122.829224125,3.2146435229166666,-56.70658447080828,1.7571314943974412,-0.7571314943974412,22887.5,590.4163056034274,2.28875,5.655624421683831,588997.1890593849,4442349.924069417,588997.4056573987,4442349.244889998,-109.95546214932082,40.12676515649206,daily_mean_r90,-0.9707008955921244,-7.280256716940933
2024-10-01T00:00:00,0.9,72.80348534122126,3.1485783124999998,-1415.6879601041667,3.3669291437499993,1481.975937989138,-19.355837787755537,20.355837787755537,45087.5,944.264068711931,4.50875,11.141363893508235,589030.0290236612,4442351.245088114,589030.2456356748,4442350.565818254,-109.95507659317865,40.12677357959312,daily_mean_r90,-0.9707008955921244,-7.280256716940933
2024-10-02T00:00:00,0.9,78.37706867766973,3.4304007708333337,-583.9135601479167,3.412955902083333,655.4472721526697,-7.362742868685673,8.362742868685674,40062.5,885.9797974644687,4.00625,9.899659350899332,589044.0824698897,4442349.053432051,589044.2990821734,4442348.374123564,-109.95491197966156,40.12675234869664,daily_mean_r90,-0.9707008955921244,-7.280256716940933
2024-10-03T00:00:00,0.9,79.8459883900194,3.392124354166667,-592.8423547395834,3.3378650125,665.9583537629361,-7.340536164571789,8.340536164571791,47912.5,932.548339959393,4.79125,11.839436596566971,589039.1089981413,4442349.902227825,589039.3256104811,4442349.222933007,-109.95497022577575,40.126760521444126,daily_mean_r90,-0.9707008955921244,-7.280256716940933
2024-10-04T00:00:00,0.9,73.93634518330335,3.4888565208333335,-159.26219084166664,3.1051678291666662,226.60451167496996,-2.064859523596561,3.0648595235965606,53937.5,1016.8986283848379,5.39375,13.328246520789586,589037.8886770275,4442317.156488214,589038.1052209941,4442316.477197676,-109.95498906354084,40.126465673665294,daily_mean_r90,-0.9707008955921244,-7.280256716940933
2024-10-05T00:00:00,0.9,57.55309214127243,4.6886201875,138.82640354166665,2.473122239583333,-88.43505382747756,2.536582145932331,-1.536582145932331,15587.5,510.91883092036846,1.55875,3.8517551359037343,588989.94674811,4442338.7373368675,588990.1633203968,4442338.05817775,-109.95554867961081,40.1266651518036,daily_mean_r90,-0.9707008955921244,-7.280256716940933
2024-10-06T00:00:00,0.9,54.349783738934775,4.2764440625,-803.9462073812501,2.55648846875,851.4630585889349,-14.666355963417917,15.666355963417917,32362.5,828.1980515339479,3.23625,7.996947912473751,589031.5664161809,4442351.366543583,589031.783028974,4442350.6872694865,-109.95505853526514,40.12677451088107,daily_mean_r90,-0.9707008955921244,-7.280256716940933
2024-10-07T00:00:00,0.9,67.81609915855041,4.019654729166667,-387.96333096875,2.9311316291666665,448.828643768967,-5.618319976199599,6.618319976199599,42062.5,894.2640687119307,4.20625,10.393870114126758,589029.3712058385,4442355.974254057,589029.5878274426,4442355.294985872,-109.95508366025823,40.12681625006511,daily_mean_r90,-0.9707008955921244,-7.280256716940933
2024-10-08T00:00:00,0.9,48.537913644074024,5.617500437500001,-584.0423843770833,5.334036610416667,621.6287609732407,-11.807076248303785,12.807076248303785,47887.5,867.1930009000654,4.78875,11.833258962026628,589009.9517480154,4442345.7619622685,589010.1683417608,4442345.082747844,-109.95531295435642,40.12672631276169,daily_mean_r90,-0.9707008955921244,-7.280256716940933
2024-10-09T00:00:00,0.9,67.6620940106338,5.390392625,-1005.9178475999998,2.979309983333333,1065.2102390023003,-14.743087094450425,15.743087094450425,42487.5,910.8326112068551,4.24875,10.498889901312584,589031.5894751019,4442353.399342888,589031.8060921208,4442352.72006867,-109.95505798425505,40.12679282010566,daily_mean_r90,-0.9707008955921244,-7.280256716940933
2024-10-10T00:00:00,0.9,58.74648927646273,4.572298541666666,-389.480614543125,2.723646789583333,440.93115848833776,-6.505659723993081,7.505659723993081,31087.5,818.9087296526033,3.10875,7.681888550916269,589032.0043815115,4442357.373331989,589032.2210069221,4442356.6940565165,-109.95505256716756,40.12682857427498,daily_mean_r90,-0.9707008955921244,-7.280256716940933
2024-10-11T00:00:00,0.9,65.17226333331895,3.818922583333334,-372.9646225375,7.404726020833333,426.9132372666523,-5.550535694659469,6.550535694659469,50737.5,970.3300858899138,5.07375,12.537509299625707,589020.89027874,4442344.7443612665,589021.1068741246,4442344.065116757,-109.95518473214698,40.1267159880202,daily_mean_r90,-0.9707008955921244,-7.280256716940933
2024-10-12T00:00:00,0.9,65.13488362201586,3.710699354166667,-794.4357988833334,3.5140851520833336,852.3458979990993,-12.085858922314905,13.085858922314905,50437.5,949.6194077712587,5.04375,12.463377685141594,589034.4920502265,4442329.730091727,589034.708619118,4442329.050810192,-109.95502718795481,40.12657929767881,daily_mean_r90,-0.9707008955921244,-7.280256716940933
2024-10-13T00:00:00,0.9,62.392178247651664,3.6515583541666667,-589.8281470416667,3.387024183333333,645.1817427518184,-9.340747203774729,10.340747203774729,35062.5,856.690475583124,3.50625,8.664132442830773,589019.7096863515,4442354.677853285,589019.9263019545,4442353.99861173,-109.95519721618113,40.12680559494652,daily_mean_r90,-0.9707008955921244,-7.280256716940933
2024-10-14T00:00:00,0.9,65.5336273683936,5.212264354166667,-588.2509277729167,4.119470083333334,644.4528207038103,-8.83392567423523,9.83392567423523,57262.5,970.3300858899139,5.72625,14.149871914655177,589044.1774228672,4442344.542172057,589044.3940258232,4442343.862863434,-109.9549114877925,40.126711700745545,daily_mean_r90,-0.9707008955921244,-7.280256716940933
2024-10-15T00:00:00,0.9,61.12767442278837,5.529195270833333,-586.7691840625,4.431927708333333,637.9357355061217,-9.436119834918824,10.436119834918822,31687.5,792.3401871576796,3.16875,7.830151779884496,589006.5442475922,4442344.225652016,589006.760836978,4442343.546447021,-109.95535315290213,40.12671283424901,daily_mean_r90,-0.9707008955921244,-7.280256716940933
2024-10-16T00:00:00,0.9,57.58576378551183,6.116532333333335,-156.7404607083333,4.112427479166667,204.09726468134514,-2.5442312694078493,3.5442312694078493,43062.5,854.7665940288722,4.30625,10.640975495740468,589006.5627247611,4442333.57385268,589006.7792920294,4442332.894647964,-109.95535440502185,40.12661687977209,daily_mean_r90,-0.9707008955921244,-7.280256716940933
2024-10-17T00:00:00,0.9,15.19599709324424,-1868.1783883106061,-2258.8679108659094,-2078.805748584375,6221.048044854135,-408.38728842083407,409.387288420834,42712.5,858.4062043356618,4.27125,10.55448861217567,589023.0316061634,4442351.322624086,589023.2482159405,4442350.643373485,-109.95515869653408,40.126775018970655,daily_mean_r90,-0.9707008955921244,-7.280256716940933
2024-10-18T00:00:00,0.9,46.67113083384556,-3326.0204795624995,-4773.8836291125,-3745.6601867208337,11892.23542622968,-253.80924103954897,254.80924103954897,43337.5,977.1930009000654,4.33375,10.70892947568424,589058.9260875838,4442354.346731924,589059.1427159365,4442353.667382437,-109.95473706083641,40.12679845912009,daily_mean_r90,-0.9707008955921244,-7.280256716940933
2024-10-19T00:00:00,0.9,54.1245239481186,-409.10899604687506,-3919.7698521470834,-410.24476973958326,4793.248141881661,-87.55963604365849,88.55963604365849,55962.5,985.6854249492417,5.59625,13.828634918557352,589056.5032185799,4442322.314464378,589056.7197796614,4442321.6351224,-109.95476991290707,40.1265101657989,daily_mean_r90,-0.9707008955921244,-7.280256716940933
2024-10-20T00:00:00,0.9,18.09900625451459,8.528332875000002,-4558.031942333334,5.54376980625,4562.058845906598,-251.06128898754565,252.06128898754562,43512.5,877.193000900066,4.35125,10.75217291746664,589004.810303051,4442343.6721734805,589005.0268906929,4442342.9929732755,-109.95537357689179,40.12670803201285,daily_mean_r90,-0.9707008955921244,-7.280256716940933
2024-10-21T00:00:00,0.9,54.084019639275546,-617.2389823374999,-4972.6181695,-615.0619381770833,6259.003109653859,-114.72740250076757,115.72740250076757,52762.5,966.1879502661826,5.27625,13.037897697393474,589036.0501444249,4442357.695701506,589036.2667718886,4442357.016414889,-109.95500504600392,40.12683104978808,daily_mean_r90,-0.9707008955921244,-7.280256716940933
2024-10-22T00:00:00,0.9,48.134522891543305,8.921921208333334,-4763.254932333333,2.6186191270833334,4799.84891488946,-98.7173884055001,99.7173884055001,35187.5,819.4112549695446,3.51875,8.695020615532489,589030.5722805299,4442354.539113466,589030.788899567,4442353.8598420145,-109.95506976371811,40.12680319498869,daily_mean_r90,-0.9707008955921244,-7.280256716940933
2024-10-23T00:00:00,0.9,55.600628208589136,8.9487958125,-4556.021013097917,4.2267893375000005,4598.446056156506,-81.70492985987777,82.70492985987777,47387.5,930.1219330882002,4.73875,11.709706271219773,589024.9565282871,4442347.671570462,589025.1731311448,4442346.992314668,-109.95513661135837,40.12674192608544,daily_mean_r90,-0.9707008955921244,-7.280256716940933
2024-10-24T00:00:00,0.9,49.31031478222218,5.500154229166667,-2425.443384933333,2.7480836895833334,2466.5054617968053,-49.0200713114501,50.020071311450096,40312.5,881.8376618407377,4.03125,9.961435696302761,589016.428397401,4442343.775307995,589016.6449892423,4442343.096075798,-109.95523722552441,40.12670773109359,daily_mean_r90,-0.9707008955921244,-7.280256716940933
2024-10-25T00:00:00,0.9,43.35438614673348,5.10322075,-389.99495214583334,1.9113843895833336,426.33473315298346,-8.83371628674543,9.83371628674543,31487.5,808.4062043356618,3.14875,7.780730703561754,589028.9951456189,4442347.715951965,589029.2117499523,4442347.036685051,-109.95508921245619,40.126741898245704,daily_mean_r90,-0.9707008955921244,-7.280256716940933
2024-10-26T00:00:00,0.9,62.446180979489576,6.164271062499999,-1636.4138830854165,2.662243677083333,1690.0335493253226,-26.0638415803268,27.0638415803268,36812.5,844.2640687119308,3.68125,9.09656686065477,589022.6637904602,4442342.893109815,589022.8803826111,4442342.213860475,-109.955164175513,40.12669912397603,daily_mean_r90,-0.9707008955921244,-7.280256716940933
2024-10-27T00:00:00,0.9,44.398088333333334,6.864979750000001,-598.9745893962083,4.212249602083333,632.2954483774583,-13.241501652735385,14.241501652735387,47112.5,989.8275605729724,4.71125,11.641752291276003,589020.3231290042,4442344.045430232,589020.5397227431,4442343.366187303,-109.95519148399335,40.12670975202567,daily_mean_r90,-0.9707008955921244,-7.280256716940933
2024-10-28T00:00:00,0.9,38.267383216666666,-199.24319202083328,-1231.3203471819445,-204.82745257256946,1673.658374992014,-42.73589815420361,43.73589815420361,51562.5,901.837661840738,5.15625,12.74137123945702,589043.9463114255,4442371.762392798,589044.1629707799,4442371.083084065,-109.95491044442032,40.12695692777129,daily_mean_r90,-0.9707008955921244,-7.280256716940933
2024-10-29T00:00:00,0.9,10.524333645833332,5.897825458333333,-154.78647441666666,2.1779973562499997,157.23498524791665,-13.940136880795986,14.940136880795986,22012.5,626.9848480983514,2.20125,5.439407212771833,589003.0717800824,4442331.854470643,589003.2883425796,4442331.175275598,-109.95539560794866,40.126601760947224,daily_mean_r90,-0.9707008955921244,-7.280256716940933
2024-10-30T00:00:00,0.9,61.80774408125,4.621203854166667,39.969173089854166,2.099319775,15.11804736222917,0.7554020521707508,0.24459794782924915,31462.5,836.4823227814102,3.14625,7.774553069021411,589041.76597613,4442295.173945627,589041.9824758188,4442294.494645012,-109.95494659667955,40.12626724203452,daily_mean_r90,-0.9707008955921244,-7.280256716940933
2024-10-31T00:00:00,0.9,44.765158125,3.778988041666667,-1229.3290952145833,2.691152314583333,1267.6241129833331,-27.317203961252247,28.317203961252247,40087.5,971.5432893255105,4.00875,9.905836985439676,589031.5248547619,4442343.78401255,589031.7414518023,4442343.104738787,-109.95506006895852,40.12670621105791,daily_mean_r90,-0.9707008955921244,-7.280256716940933
2024-11-01T00:00:00,0.9,44.648768241666666,4.1150273749999995,-1443.1323489375,2.4572848208333333,1481.2088049833333,-32.174684617638675,33.174684617638675,34587.5,891.837661840738,3.45875,8.546757386564261,589052.9103236472,4442338.493453753,589053.1269170532,4442337.814121245,-109.95480984269821,40.12665628835431,daily_mean_r90,-0.9707008955921244,-7.280256716940933
2024-11-02T00:00:00,0.9,51.155129124999995,4.891919416666666,-390.5332362333334,2.421103525,434.37534241666674,-7.491335079132533,8.491335079132533,38687.5,877.695526217007,3.86875,9.55988945118048,589025.8640888772,4442349.543434882,589026.0806959311,4442348.864176536,-109.95512570302488,40.126758691937916,daily_mean_r90,-0.9707008955921244,-7.280256716940933
2024-11-03T00:00:00,0.9,16.380954562500005,5.328542229166667,-181.25961412499998,2.461397541666667,189.85062891666664,-10.58971708225606,11.58971708225606,39287.5,846.6904755831242,3.92875,9.708152680148707,589013.0138273089,4442345.433444329,589013.2304214223,4442344.754221483,-109.95527706646895,40.12672302926323,daily_mean_r90,-0.9707008955921244,-7.280256716940933
2024-11-04T00:00:00,0.9,40.83170104166667,3.1053900104166665,44.66957813125,-207.08281408125,200.13954698125,-3.9015725986291336,4.901572598629134,15287.5,545.7716446627547,1.52875,3.7776235214196205,588996.1961374868,4442338.939643062,588996.4127123402,4442338.2604667265,-109.95547531581384,40.12666631273011,daily_mean_r90,-0.9707008955921244,-7.280256716940933
2025-02-20T00:00:00,0.9,29.432254979166668,-412.10960889583333,-3533.1947697178475,-194.34232374166663,4169.078957334515,-140.6500013432731,141.6500013432731,14437.5,487.4873734152925,1.44375,3.5675839470479658,589008.4213619303,4442307.326418772,589008.6378753246,4442306.6472097505,-109.95533621385945,40.126380243381114,daily_mean_r90,-0.9707008955921244,-7.280256716940933
2025-06-03T00:00:00,0.9,156.34771104166666,5.006523645833334,83.78289610416667,0.9895888770833334,66.56870241458333,0.5742265622498127,0.4257734377501873,10137.5,419.705627484772,1.01375,2.5050308061090045,588999.7833386638,4442324.658969666,588999.999885082,4442323.9797839075,-109.95543518963511,40.126537291218355,daily_mean_r90,-0.9707008955921244,-7.280256716940933
2025-06-04T00:00:00,0.9,148.19564333333332,7.399793541666665,-755.7867499520831,2.5909533729166667,893.9916463708331,-5.032509635657754,6.032509635657754,44187.5,911.3351365237966,4.41875,10.918969050055894,589052.7217205374,4442326.297865912,589052.9382885799,4442325.618534249,-109.95481373864625,40.12654644921923,daily_mean_r90,-0.9707008955921244,-7.280256716940933
2025-06-05T00:00:00,0.9,100.58739208125,10.98534122916667,-979.2223908749999,2.8034415708333333,1066.0210001562498,-9.597958432953165,10.597958432953163,45987.5,937.4011537017794,4.59875,11.363758736960577,589048.2817372248,4442350.834110627,589048.4983546429,4442350.154790533,-109.95486245598276,40.12676794449289,daily_mean_r90,-0.9707008955921244,-7.280256716940933
2025-06-06T00:00:00,0.9,128.52274943749998,10.644486395833333,-572.4229472718749,3.487282079166667,686.813928234375,-4.343909395343036,5.343909395343036,40387.5,875.4772721475276,4.03875,9.97996859992379,589041.7372365544,4442327.3273559855,589041.9538029511,4442326.648054559,-109.95494249808792,40.12655688633163,daily_mean_r90,-0.9707008955921244,-7.280256716940933
2025-06-07T00:00:00,0.9,192.2892443541667,7.908781916666666,148.01528551875,1.5667707604166665,34.798406158333364,0.8190309277296854,0.18096907227031453,28562.5,686.4823227814098,2.85625,7.057947462341646,589005.7609835296,4442330.336125088,589005.9775437985,4442329.656922681,-109.95536425985723,40.1265877988563,daily_mean_r90,-0.9707008955921244,-7.280256716940933
2025-06-08T00:00:00,0.9,116.10628333333334,7.7227575,-303.31509620833333,5.259683122916667,406.43893891875,-2.5005766031790984,3.500576603179099,40537.5,849.1168824543173,4.05375,10.017034407165847,589029.829002163,4442338.404124272,589030.0455874549,4442337.724855332,-109.95508071172625,40.12665792804102,daily_mean_r90,-0.9707008955921244,-7.280256716940933
2025-06-09T00:00:00,0.9,105.23899767291668,7.7420219375,90.20528193749999,2.5595751,4.73211869791669,0.9550345518053666,0.04496544819463349,43787.5,884.7665940288725,4.37875,10.82012689741041,589016.8879980312,4442347.066856876,589017.1045968655,4442346.387623316,-109.95523137817995,40.12673733304868,daily_mean_r90,-0.9707008955921244,-7.280256716940933
2025-06-10T00:00:00,0.9,78.77880220833335,7.720719187499999,-546.4080972916668,2.5237408875000003,614.9424394250001,-6.805937919680004,7.805937919680003,33962.5,809.6194077712584,3.39625,8.39231652305569,589032.9211574561,4442367.429704375,589033.137804051,4442366.750426093,-109.95504042161829,40.12691906603543,daily_mean_r90,-0.9707008955921244,-7.280256716940933
2025-06-11T00:00:00,0.9,158.48813145833336,8.345497770833333,-1147.5245817500002,6.0895466166666665,1291.5776688208334,-7.149365235972828,8.149365235972828,49237.5,939.6194077712587,4.92375,12.16685122720514,589067.6495847527,4442316.118342474,589067.8661368242,4442315.438969938,-109.95463996691123,40.126453169797195,daily_mean_r90,-0.9707008955921244,-7.280256716940933
2025-06-12T00:00:00,0.9,185.83765979166665,7.329655458333334,-309.36488865416663,4.516970237500001,483.35592275,-1.600957864470884,2.600957864470884,44962.5,840.1219330882001,4.49625,11.110475720806521,589014.0135915668,4442356.274156303,589014.2302085336,4442355.594930377,-109.95526383920287,40.12682057767941,daily_mean_r90,-0.9707008955921244,-7.280256716940933
2025-06-13T00:00:00,0.9,193.36465583333333,5.429891916666667,-98.85470929166665,4.9845765166666665,281.8048966916666,-0.45737542094850336,1.4573754209485033,46937.5,904.9747468305862,4.69375,11.598508849493603,589016.2827218676,4442333.527610355,589016.4992923811,4442332.84837887,-109.95524034838523,40.12661543418942,daily_mean_r90,-0.9707008955921244,-7.280256716940933
2025-06-14T00:00:00,0.9,190.66421902083334,5.087362583333333,-706.8432114958333,4.662895902083332,887.75717203125,-3.656128856218414,4.656128856218414,38637.5,826.690475583124,3.86375,9.547534182099794,589014.3907263936,4442333.718464542,589014.6072966525,4442333.039238262,-109.95526252440517,40.126617353732534,daily_mean_r90,-0.9707008955921244,-7.280256716940933
2025-06-15T00:00:00,0.9,182.1424955,4.5579975416666665,-64.90368341666664,6.7295188645833335,235.75866251041663,-0.29436385431765777,1.2943638543176577,33012.5,747.6955262170067,3.30125,8.157566410522664,588997.2620568388,4442352.718454971,588997.4786606827,4442352.039275261,-109.9554609073779,40.12679032088252,daily_mean_r90,-0.9707008955921244,-7.280256716940933
2025-06-16T00:00:00,0.9,121.131656625,4.213882354166667,-90.3515571272917,6.395931458333333,200.8733999397917,-0.6583063877484694,1.6583063877484694,35337.5,791.3351365237962,3.53375,8.732086422774545,589006.7005939387,4442328.45566285,589006.9171506253,4442327.776457914,-109.9553534929712,40.12657075998798,daily_mean_r90,-0.9707008955921244,-7.280256716940933
2025-06-17T00:00:00,0.9,210.77175429166664,4.212175947916667,210.6537683125,4.685914929166667,-8.780104897916715,1.0416569332424248,-0.041656933242424775,22212.5,655.7716446627552,2.22125,5.488828289094576,588991.6077474521,4442333.193360153,588991.8243087911,4442332.514196641,-109.95552995238339,40.12661503527477,daily_mean_r90,-0.9707008955921244,-7.280256716940933
2025-06-18T00:00:00,0.9,203.40087416666665,4.276235604166667,-521.332168625,5.5290428729166665,714.9277643145833,-2.5148706574818926,3.5148706574818926,35012.5,850.1219330881997,3.50125,8.651777173750087,589021.4121922245,4442316.505969804,589021.628729161,4442315.826724694,-109.95518250242478,40.1264615583917,daily_mean_r90,-0.9707008955921244,-7.280256716940933
2025-06-19T00:00:00,0.9,196.94863020833336,3.5739750874999996,-55.93273620624999,4.541435358333334,244.76595596875,-0.24279085216198368,1.2427908521619837,47262.5,956.6904755831242,4.72625,11.67881809851806,589035.9036143676,4442307.02945367,589036.1201366329,4442306.350168888,-109.95501375498478,40.12637465849815,daily_mean_r90,-0.9707008955921244,-7.280256716940933
2025-06-20T00:00:00,0.9,198.13303958333336,1.8586077437500002,166.29292137500002,5.403136091666667,24.57837437291667,0.8759501473121085,0.12404985268789145,41412.5,839.6194077712585,4.14125,10.233251616077844,589025.9205051892,4442298.594749965,589026.1370064976,4442297.915492953,-109.9551320685962,40.126299734911605,daily_mean_r90,-0.9707008955921244,-7.280256716940933
2025-06-21T00:00:00,0.9,186.52302666666665,1.7937257791666668,-453.06238518749996,4.005872114583333,633.7858139604166,-2.397895827055437,3.3978958270554367,39762.5,820.1219330882,3.97625,9.82552773641522,589047.3706687372,4442284.42857825,589047.5871480701,4442283.74926247,-109.95488230911789,40.126169853084384,daily_mean_r90,-0.9707008955921244,-7.280256716940933
2025-06-22T00:00:00,0.9,183.73741764520832,2.2096445874999997,-211.60684967291664,3.2795016145833333,389.85512111604163,-1.1218058145828558,2.121805814582856,13937.5,482.1320343559652,1.39375,3.4440312562411095,588996.5359268626,4442351.175659097,588996.7525272539,4442350.4964814335,-109.95546964118746,40.12677650007706,daily_mean_r90,-0.9707008955921244,-7.280256716940933
2025-06-23T00:00:00,0.9,191.1872835416667,0.9985753041666666,-982.0726594916669,4.6235363312499995,1167.637831397917,-5.107298611957348,6.107298611957348,49937.5,964.9747468305864,4.99375,12.33982499433474,589082.0820963074,4442357.213541835,589082.2987385362,4442356.534128544,-109.9544649314692,40.12682183053534,daily_mean_r90,-0.9707008955921244,-7.280256716940933
2025-06-24T00:00:00,0.9,198.84247358333332,1.9152674979166664,-92.11131375000001,3.6948250666666667,285.34369476874997,-0.4350238639993818,1.4350238639993818,32212.5,787.1930009000655,3.22125,7.959882105231695,589018.1807368207,4442320.786836179,589018.3972815332,4442320.107599846,-109.95521983265503,40.126500463017514,daily_mean_r90,-0.9707008955921244,-7.280256716940933
2025-06-25T00:00:00,0.9,171.15212765208335,2.707183020833334,-513.3598812041668,6.3655530125,675.4392728229168,-2.94642638738295,3.94642638738295,43962.5,929.1168824543171,4.39625,10.86337033919281,589010.0934488785,4442338.829731585,589010.3100282755,4442338.150516983,-109.95531224754671,40.12666385150358,daily_mean_r90,-0.9707008955921244,-7.280256716940933
2025-06-26T00:00:00,0.9,205.92174541666668,2.5618624479166665,-951.1131502000002,-202.1941237208333,1356.6671568895836,-5.588265625587394,6.588265625587394,21862.5,673.050865276334,2.18625,5.402341405529777,589014.5137004094,4442240.563656369,589014.7300772647,4442239.884432585,-109.9552739287773,40.12577819242718,daily_mean_r90,-0.9707008955921244,-7.280256716940933
2023-09-01T00:00:00,0.9,57.46390719246879,5.901449955974843,-911.9502872951781,-60.631060086792466,1024.1438046184644,-16.822383730159732,17.82238373015973,54112.5,947.4011537017795,5.41125,13.371489962571985,589034.077456836,4442329.069272269,589034.2940242132,4442328.389991894,-109.95503214431484,40.126573388851604,monthly_mean_r90,-1.339921080363177,-106.52372588887256
2023-10-01T00:00:00,0.9,58.287735337150295,6.240711489247311,-946.8644544612836,2.1635610491935484,996.747917259993,-16.10047425062173,17.10047425062173,44437.5,855.9797974644687,4.44375,10.980745395459323,589028.6736421153,4442344.607592478,589028.8902398867,4442343.928326542,-109.95509341403776,40.12671393186488,monthly_mean_r90,-1.339921080363177,-106.52372588887256
2023-11-01T00:00:00,0.9,19.73214509978677,-148.58465359344908,-1627.755542385418,-150.99943002503474,1947.0717711036887,-97.67511926641616,98.67511926641616,47687.5,875.979797464469,4.76875,11.783837885703887,589044.6142640839,4442339.348020768,589044.8308564136,4442338.668711084,-109.95490707811788,40.126664865030754,monthly_mean_r90,-1.339921080363177,-106.52372588887256
2023-12-01T00:00:00,0.9,11.085645838732264,-171.4321433956317,-3306.455058778763,-173.15132578108535,3662.1241737942128,-329.348292473775,330.348292473775,39762.5,830.6244584051411,3.97625,9.82552773641522,589028.3262120658,4442338.710643645,589028.5427974776,4442338.031378837,-109.95509830451837,40.12666084832701,monthly_mean_r90,-1.339921080363177,-106.52372588887256
2024-01-01T00:00:00,0.9,16.03739634638441,-191.78649127569153,-3697.513734175149,-193.8257552118421,4099.163377009067,-254.6003037197003,255.6003037197003,42487.5,827.6955262170068,4.24875,10.498889901312584,589026.5203371188,4442343.235324053,589026.7369313032,4442342.556064084,-109.95511887213833,40.12670179833474,monthly_mean_r90,-1.339921080363177,-106.52372588887256
2024-02-01T00:00:00,0.9,35.346882832075224,-348.1032464509249,-2172.2249377523735,-321.7124422464909,2877.3875092818644,-80.40427892755521,81.40427892755521,41112.5,800.6244584051411,4.11125,10.159120001593731,589026.0582491978,4442346.020968182,589026.2748490059,4442345.341709404,-109.9551239104496,40.12672694063412,monthly_mean_r90,-1.339921080363177,-106.52372588887256
2024-03-01T00:00:00,0.9,72.6308674796114,-190.073031114405,-970.5778719778673,-199.55701958087226,1432.838790152756,-18.72768383297881,19.72768383297881,47087.5,851.8376618407375,4.70875,11.63557465673566,589041.6393186415,4442338.886111321,589041.8559089892,4442338.206809842,-109.95494205249612,40.126661019164025,monthly_mean_r90,-1.339921080363177,-106.52372588887256
2024-04-01T00:00:00,0.9,131.1557979907258,-1.6476046571759266,-366.06204213702426,-11.011230812199074,509.8766755971251,-2.8875648915893075,3.8875648915893075,43962.5,827.1930009000656,4.39625,10.86337033919281,589027.5881176307,4442336.055705432,589027.804697277,4442335.37644273,-109.95510733219243,40.126637010522586,monthly_mean_r90,-1.339921080363177,-106.52372588887256
2024-05-01T00:00:00,0.9,158.1053289167683,-55.17233339284647,-367.9045058192145,-83.99553906846837,665.1777071972977,-3.2071808189809246,4.207180818980924,40462.5,803.553390593276,4.04625,9.998501503544817,589025.1949668396,4442339.881270543,589025.411553606,4442339.202014322,-109.95513488786172,40.12667172500881,monthly_mean_r90,-1.339921080363177,-106.52372588887256
2024-06-01T00:00:00,0.9,165.30005526328958,1.5941720562037036,-508.0348941938889,-1.2257102520833338,672.966487653058,-3.071181262348391,4.071181262348391,46862.5,845.4772721475279,4.68625,11.579975945872574,589024.4968056179,4442342.408471055,589024.7133973911,4442341.729216683,-109.95514273212042,40.1266945642169,monthly_mean_r90,-1.339921080363177,-106.52372588887256
2024-07-01T00:00:00,0.9,166.74231146228956,5.210550304435484,-483.0724895422446,4.841486774596774,639.762763925502,-2.836835163882148,3.836835163882148,42812.5,821.8376618407381,4.28125,10.579199150337042,589022.4294611713,4442344.379772434,589022.6460563272,4442343.700523696,-109.95516672028596,40.12671254079819,monthly_mean_r90,-1.339921080363177,-106.52372588887256
2024-08-01T00:00:00,0.9,130.63112031744024,4.5617759369623645,-486.80094248883506,-8.200553581406806,621.0708404507197,-3.7543865423605505,4.7543865423605505,47012.5,852.5483399593934,4.70125,11.61704175311463,589034.1104228398,4442334.542917436,589034.3270015882,4442333.863636816,-109.95503100238318,40.12662269252356,monthly_mean_r90,-1.339921080363177,-106.52372588887256
2024-09-01T00:00:00,0.9,95.53057891923763,7.211432394791667,-452.09116772619444,3.394954852638889,537.0153593980015,-4.621397519761698,5.621397519761697,45187.5,845.979797464469,4.51875,11.166074431669607,589025.8453004851,4442343.717338941,589026.0618954382,4442343.038080817,-109.95512672713542,40.12670621185103,monthly_mean_r90,-1.339921080363177,-106.52372588887256
2024-10-01T00:00:00,0.9,54.30187640391877,-202.75471943370908,-1493.6116190594303,-224.66187653174285,1975.330091428801,-35.37682935181681,36.376829351816816,46937.5,863.0508652763345,4.69375,11.598508849493603,589026.3398678947,4442345.789816305,589026.55646732,4442345.110556761,-109.9551206375668,40.126724828574865,monthly_mean_r90,-1.339921080363177,-106.52372588887256
2024-11-01T00:00:00,0.9,27.56900383472222,-100.74389001908459,-1807.2713342297566,-108.81352526703598,2044.3977533505995,-73.15566284537819,74.15566284537819,40137.5,838.4062043356623,4.01375,9.918192254520362,589021.217013085,4442344.62840817,589021.433608341,4442343.9491627645,-109.955180913946,40.12671490890842,monthly_mean_r90,-1.339921080363177,-106.52372588887256
2025-02-01T00:00:00,0.9,-2278.4658468083862,-2557.1657538925233,-3891.821248964659,-2550.6805093803932,6721.201665429188,3.949880365704874,-2.949880365704874,14437.5,487.4873734152925,1.44375,3.5675839470479658,589008.4213619303,4442307.326418772,589008.6378753246,4442306.6472097505,-109.95533621385945,40.126380243381114,monthly_mean_r90,-1.339921080363177,-106.52372588887256
2025-06-01T00:00:00,0.9,162.96615195345137,5.159525061319444,-348.26927658004166,-2.4436288605555525,508.5195323327291,-2.1203997040930282,3.1203997040930282,45487.5,842.5483399593933,4.54875,11.24020604615372,589023.9804378509,4442332.575237487,589024.1970090336,4442331.895984827,-109.95515014796824,40.1266060401018,monthly_mean_r90,-1.339921080363177,-106.52372588887256
2023-09-27T00:00:00,0.9,-56.1572144,6.548180133333334,-660.6590295399999,2.7445001533333335,595.2091348533331,11.598978977371306,-10.598978977371305,31212.5,838.9087296526036,3.12125,7.712776723617983,589085.0130942308,4442354.17482415,589085.2297311658,4442353.495402863,-109.95443095589151,40.126794146908196,daily_etw_r90,-0.9707008955921244,-7.280256716940933
2023-09-28T00:00:00,0.9,82.14510220005286,6.129002770833334,-1007.2377066965278,-205.82872460833335,1289.0825307340806,-14.69274973442362,15.69274973442362,29787.5,677.6955262170065,2.97875,7.3606515548184435,588997.7971180221,4442337.947955008,588998.0136913651,4442337.268774295,-109.9554566652285,40.12665721003639,daily_etw_r90,-0.9707008955921244,-7.280256716940933
2023-09-29T00:00:00,0.9,81.19915604166667,5.4474570625,-799.2271707375002,1.7812897020833336,873.1975800145835,-9.753776548693553,10.753776548693555,74437.5,1266.8986283848349,7.44375,18.39390684387068,589096.3503368176,4442280.652191789,589096.5668252989,4442279.9727409445,-109.95430806372582,40.12613064623989,daily_etw_r90,-0.9707008955921244,-7.280256716940933
2023-09-30T00:00:00,0.9,44.55406383333334,5.925786854166667,-1007.9145024999999,2.3493920708333333,1044.1933874083334,-22.43654646890179,23.43654646890179,48412.5,972.756492761107,4.84125,11.962989287373828,589026.9478193776,4442324.201237559,589027.1643741973,4442323.521976968,-109.9551164811888,40.126530292043086,daily_etw_r90,-0.9707008955921244,-7.280256716940933
2023-10-01T00:00:00,0.9,22.431008158333338,10.150519645833334,-1199.5462867570834,2.48228813125,1209.3444871383333,-52.91396046945175,53.91396046945175,23312.5,761.1269837220825,2.33125,5.7606442088696586,589001.2622981018,4442333.241004115,589001.4788628573,4442332.561814009,-109.95541665080214,40.12661444253034,daily_etw_r90,-0.9707008955921244,-7.280256716940933
2023-10-02T00:00:00,0.9,92.26433085416666,9.976813395833332,-998.9565139229165,1.7768868291666664,1079.4671445520833,-10.699723333584817,11.699723333584817,53587.5,955.9797974644694,5.35875,13.241759637224787,589080.4997790613,4442330.178305886,589080.7163647087,4442329.498897596,-109.95448723125118,40.12657846202318,daily_etw_r90,-0.9707008955921244,-7.280256716940933
2023-10-03T00:00:00,0.9,70.69469604166666,7.999400729166666,-1000.361434975,1.0929365479166666,1061.9637937395833,-14.021831243374663,15.021831243374661,24487.5,592.3401871576789,2.44875,6.050993032265771,588996.8431603123,4442386.58920192,588997.0598343771,4442385.910022278,-109.9554611525564,40.12709547644495,daily_etw_r90,-0.9707008955921244,-7.280256716940933
2023-10-04T00:00:00,0.9,75.44031754166666,8.542406520833334,-2048.519652366667,1.4596446354166666,2113.9579187520835,-27.02159359396277,28.02159359396277,26887.5,645.771644662755,2.68875,6.644045948138679,588970.5209984629,4442367.270549259,588970.7376233983,4442366.591442649,-109.95577270533947,40.126924237818606,daily_etw_r90,-0.9707008955921244,-7.280256716940933
2023-10-05T00:00:00,0.9,76.248006125,8.184912916666667,-3306.5074559964582,1.2219653041666667,3373.348583900625,-43.24179405256054,44.24179405256054,36212.5,875.9797974644686,3.62125,8.948303631686542,588989.5674003266,4442372.167411289,588989.7840419463,4442371.488252122,-109.955548521852,40.12696633356723,daily_etw_r90,-0.9707008955921244,-7.280256716940933
2023-10-06T00:00:00,0.9,85.96350127083333,8.07165475,-1626.663378,3.0446671104166665,1701.5105574104166,-18.793406879155633,19.793406879155633,38087.5,804.7665940288721,3.80875,9.411626222212252,588994.757411961,4442357.0518421605,588994.9740239499,4442356.372669205,-109.95548970164008,40.12682962160259,daily_etw_r90,-0.9707008955921244,-7.280256716940933
2023-10-07T00:00:00,0.9,80.27729687499999,7.662079375,-596.7658263749998,1.7612370645833335,667.6198068104165,-7.3164211152995,8.316421115299502,35212.5,964.2640687119308,3.52125,8.70119825007283,589124.0634941148,4442383.062069439,589124.2802042397,4442382.382540096,-109.95396871402127,40.12705022760568,daily_etw_r90,-0.9707008955921244,-7.280256716940933
2023-10-08T00:00:00,0.9,84.3017338125,7.611714958333333,-584.2537301145834,2.8057824312500004,658.1379665375,-6.806932749465153,7.806932749465152,23087.5,837.1930009000652,2.30875,5.705045498006574,589092.2463798416,4442357.065881229,589092.4630252458,4442356.386439966,-109.95434567486507,40.12681942340809,daily_etw_r90,-0.9707008955921244,-7.280256716940933
2023-10-09T00:00:00,0.9,77.52296308333334,5.7099993125,-385.1713125125,3.33672331875,453.64755296458327,-4.851782941745076,5.851782941745076,14362.5,504.55844122715826,1.43625,3.549051043426937,589111.9859965267,4442379.088507209,589112.2026943029,4442378.409011157,-109.95411099150725,40.12701571351776,daily_etw_r90,-0.9707008955921244,-7.280256716940933
2023-10-10T00:00:00,0.9,78.22483452083333,5.961352166666667,-390.3017443333333,3.10534708125,459.45987960624996,-4.873580716669765,5.873580716669765,37062.5,923.5533905932763,3.70625,9.158343206058197,589020.9765470021,4442352.238952322,589021.1931579766,4442351.55970735,-109.95518268607661,40.126783490940525,daily_etw_r90,-0.9707008955921244,-7.280256716940933
2023-10-11T00:00:00,0.9,53.746114750000004,7.9196723958333335,80.7568916875,3.4841070916666665,-38.414556425,1.7147410860056633,-0.7147410860056633,14512.5,486.2741699796961,1.45125,3.586116850668994,588997.2012081969,4442349.246769383,588997.4178048073,4442348.567589951,-109.95546210015003,40.126759054016546,daily_etw_r90,-0.9707008955921244,-7.280256716940933
2023-10-12T00:00:00,0.9,87.17588104166667,6.640177145833334,-324.3010818958334,1.4144103249999997,403.4223754666668,-3.627683375793433,4.627683375793433,27137.5,902.0458146424517,2.71375,6.705822293542107,589082.8107323735,4442325.974851844,589083.0273101024,4442325.295437288,-109.95446069268525,40.126540352033864,daily_etw_r90,-0.9707008955921244,-7.280256716940933
2023-10-13T00:00:00,0.9,87.36997138543848,5.98667975,-1007.5931198729166,3.0898619874999995,1085.8865495208552,-11.428601409635284,12.428601409635284,31887.5,878.4062043356623,3.18875,7.879572856207238,589070.931881671,4442330.443972051,589071.148464578,4442329.7645901125,-109.95459947264156,40.12658186882606,daily_etw_r90,-0.9707008955921244,-7.280256716940933
2023-10-14T00:00:00,0.9,42.16860223307081,5.507801125,-1022.6331854416667,2.7882601249999994,1056.5057264247375,-24.0543217103879,25.0543217103879,19212.5,718.1980515339479,1.92125,4.74751214425344,589004.3806851562,4442351.215687423,589004.5972883179,4442350.536488165,-109.95537757813916,40.126776030252934,daily_etw_r90,-0.9707008955921244,-7.280256716940933
2023-10-15T00:00:00,0.9,67.40276883714932,5.513430354166666,-1009.8305386062499,2.2703187375000002,1069.4495583517325,-14.86655232124976,15.86655232124976,27637.5,655.7716446627547,2.76375,6.829374984348963,588974.4474436431,4442346.741130923,588974.6640272457,4442346.062014212,-109.955729458889,40.126738891153686,daily_etw_r90,-0.9707008955921244,-7.280256716940933
2023-10-16T00:00:00,0.9,63.64090516560727,5.870158479166666,-803.5476519629168,1.5708416812500001,859.7475569681073,-12.509354631755473,13.509354631755473,71562.5,1243.4671708797578,7.15625,17.683478871731257,589016.8183757358,4442313.418155226,589017.0349046777,4442312.73892287,-109.95523683606608,40.12643422940846,daily_etw_r90,-0.9707008955921244,-7.280256716940933
2023-10-17T00:00:00,0.9,57.04127417079334,5.688066541666667,-586.7736012229166,2.1051399875,636.0216688645432,-10.150200939764478,11.15020093976448,21712.5,664.0559159102172,2.17125,5.365275598287719,589091.8959523937,4442273.557204287,589092.1124246273,4442272.877765895,-109.95436131436317,40.1260672058678,daily_etw_r90,-0.9707008955921244,-7.280256716940933
2023-10-18T00:00:00,0.9,57.96931178771328,5.459376125000001,-601.6544827041668,2.177903264583333,651.9865151022967,-10.24709773146706,11.24709773146706,36462.5,811.8376618407378,3.64625,9.01007997708997,589086.2920892583,4442355.876965749,589086.5087301591,4442355.1975409025,-109.95441571205407,40.12680934445542,daily_etw_r90,-0.9707008955921244,-7.280256716940933
2023-10-19T00:00:00,0.9,54.62001169629948,6.405761770833333,-1853.5867818129166,1.8312558333333335,1899.9697759050496,-33.78523194885681,34.78523194885682,52487.5,1061.0407640085689,5.24875,12.969943717449704,589002.6330477338,4442351.895576488,589002.8496517091,4442351.216382019,-109.95539799274864,40.12678233976634,daily_etw_r90,-0.9707008955921244,-7.280256716940933
2023-10-20T00:00:00,0.9,51.51549694471396,5.687396229166666,-1008.5045630312499,2.165395541666667,1052.1672682051305,-19.42428648867172,20.42428648867172,43737.5,1134.4722215136437,4.37375,10.807771628329725,589054.7895219526,4442320.5388327995,589055.0060787599,4442319.859495591,-109.95479026790034,40.126494352239995,daily_etw_r90,-0.9707008955921244,-7.280256716940933
2023-10-21T00:00:00,0.9,51.87131517942938,5.8182491875,-175.80914175583328,2.72029551875,219.14191222901266,-3.224722497800052,4.224722497800053,14412.5,530.4163056034271,1.44125,3.5614063125076227,589157.8667503333,4442308.093395626,589158.0833169174,4442307.413774556,-109.95358239072462,40.12637131843883,daily_etw_r90,-0.9707008955921244,-7.280256716940933
2023-10-22T00:00:00,0.9,54.508195054967274,5.936766729166666,-812.8734787125,2.4764317958333333,858.9684752424672,-14.758519877171944,15.758519877171944,50787.5,999.6194077712584,5.07875,12.549864568706393,589029.3655167455,4442367.268361495,589029.5821617901,4442366.589092998,-109.95508216907893,40.12691798915453,daily_etw_r90,-0.9707008955921244,-7.280256716940933
2023-10-23T00:00:00,0.9,50.51163813331971,6.435749708333333,-158.62399747916666,3.0178850708333336,199.6820008333197,-2.953187982268202,3.953187982268202,58912.5,1000.8326112068553,5.89125,14.557595794317802,589030.0297709726,4442333.597628416,589030.2463463572,4442332.918359062,-109.95507901874537,40.126614609368694,daily_etw_r90,-0.9707008955921244,-7.280256716940933
2023-10-24T00:00:00,0.9,37.475595695023536,7.081901562500001,-1010.7194668083333,2.2749792291666666,1038.8381817116901,-26.720391429285264,27.720391429285264,47387.5,887.9036790187206,4.73875,11.709706271219773,588995.6178533544,4442352.522203542,588995.8344562282,4442351.843028363,-109.95548022902234,40.12678872706778,daily_etw_r90,-0.9707008955921244,-7.280256716940933
2023-10-25T00:00:00,0.9,44.26577844418549,5.855468625,-786.9716878166668,2.3723743375,823.0096232983523,-17.592457926298103,18.592457926298103,35887.5,754.2640687119308,3.58875,8.867994382662086,589020.2662185426,4442267.513979926,589020.4826533636,4442266.834739438,-109.95520270744714,40.12602035475243,daily_etw_r90,-0.9707008955921244,-7.280256716940933
2023-10-26T00:00:00,0.9,29.616063033557463,4.9631451250000005,-358.81455068958326,2.0033522583333334,381.4641163398074,-11.88031146839392,12.880311468393918,60337.5,1220.5382386916249,6.03375,14.909720963117342,589031.8865184676,4442342.013106525,589032.1031119562,4442341.333831816,-109.95505606916105,40.12669022025599,daily_etw_r90,-0.9707008955921244,-7.280256716940933
2023-10-27T00:00:00,0.9,42.126833393108676,3.4137996249999993,-192.01158537083333,1.44771120625,229.276907932692,-4.442538388612857,5.442538388612857,31987.5,790.6244584051411,3.19875,7.904283394368609,589070.0021048817,4442343.118133443,589070.2187137476,4442342.43875375,-109.95460863436739,40.12669613746683,daily_etw_r90,-0.9707008955921244,-7.280256716940933
2023-10-28T00:00:00,0.9,15.296610169427078,5.3089759375000005,-2493.9877309,1.4472824270833335,2502.5280827048437,-162.60017382848517,163.60017382848514,42112.5,930.832611206855,4.21125,10.406225383207442,589106.0141666475,4442315.472401892,589106.2307306108,4442314.792923628,-109.9541898534827,40.12644328613869,daily_etw_r90,-0.9707008955921244,-7.280256716940933
2023-10-29T00:00:00,0.9,52.52253700327094,3.1213699583333336,-400.3423440666667,1.8063572645833332,447.937153847021,-7.528475191880485,8.528475191880485,23637.5,632.3401871576788,2.36375,5.840953457894115,589102.307622741,4442397.092584245,589102.5243545095,4442396.413114422,-109.9542220811062,40.127178921790026,daily_etw_r90,-0.9707008955921244,-7.280256716940933
2023-10-30T00:00:00,0.9,29.206515882988707,2.5583405,-1449.0018303208335,1.1881367791666666,1474.4618689246556,-49.48400414591916,50.48400414591916,38737.5,858.9087296526034,3.87375,9.572244720261166,589032.1947590181,4442346.720341402,589032.4113623822,4442346.041065709,-109.95505180264654,40.126732590874816,daily_etw_r90,-0.9707008955921244,-7.280256716940933
2023-10-31T00:00:00,0.9,33.499687166595145,2.4189155208333335,-1238.9268241624998,1.3306136083333333,1268.6769821999283,-36.87130834657506,37.87130834657506,39662.5,864.7665940288728,3.96625,9.80081719825385,588997.4694109679,4442360.017778136,588997.6860300472,4442359.338597621,-109.95545746756956,40.12685605199969,daily_etw_r90,-0.9707008955921244,-7.280256716940933
2023-11-01T00:00:00,0.9,28.053385418502383,2.670041083333333,-1030.9754253870833,1.4786904625000001,1054.8800792597524,-36.60259460749485,37.60259460749485,35337.5,901.8376618407378,3.53375,8.732086422774545,589012.601283716,4442316.293624171,589012.8178171751,4442315.61440335,-109.95528592644169,40.12646057839798,daily_etw_r90,-0.9707008955921244,-7.280256716940933
2023-11-02T00:00:00,0.9,36.578220163544614,2.8570565625,-1865.3169708608336,1.8510837854166668,1897.1870506764615,-50.866576399670684,51.866576399670684,32087.5,739.4112549695446,3.20875,7.9289939325299805,589018.8839927184,4442351.2109599635,589019.1006008417,4442350.531720784,-109.95520738379935,40.12677445223354,daily_etw_r90,-0.9707008955921244,-7.280256716940933
2023-11-03T00:00:00,0.9,36.81491389845206,4.509692770833333,-1860.1876173833332,1.8274676020833336,1890.6653709088685,-50.35596340450397,51.35596340450397,52812.5,899.6194077712588,5.28125,13.05025296647416,589027.3132811221,4442352.8589853505,589027.529895554,4442352.179722919,-109.95510823954764,40.12678840531137,daily_etw_r90,-0.9707008955921244,-7.280256716940933
2023-11-04T00:00:00,0.9,33.20514037301407,5.6251560625,-1654.6236640929171,1.6144273083333331,1680.5892210950979,-49.6123209303135,50.6123209303135,44637.5,834.9747468305861,4.46375,11.030166471782065,588983.9284822794,4442341.272086095,588984.1450577683,4442340.592943464,-109.955618953836,40.126688622052896,daily_etw_r90,-0.9707008955921244,-7.280256716940933
2023-11-05T00:00:00,0.9,26.885298996481797,5.060680854166667,-1234.7783620962502,1.6244318583333335,1254.978548380232,-45.67898796827434,46.67898796827434,42962.5,858.4062043356622,4.29625,10.616264957579098,589024.6286773005,4442337.734999048,589024.8452594171,4442337.055744451,-109.95514182925123,40.126652451132905,daily_etw_r90,-0.9707008955921244,-7.280256716940933
2023-11-06T00:00:00,0.9,21.380836062394724,4.6399705,-1028.1097265625,2.6262539604166664,1042.2243381644782,-47.74572421410473,48.74572421410473,46712.5,935.6854249492415,4.67125,11.542910138630518,589052.1698104242,4442303.793230802,589052.3863315919,4442303.113901261,-109.95482332031935,40.126343783598294,daily_etw_r90,-0.9707008955921244,-7.280256716940933
2023-11-07T00:00:00,0.9,18.189372105348504,4.953695875,-1653.214,1.7897700895833333,1664.659906140765,-90.51827212613235,91.51827212613235,35962.5,817.1930009000656,3.59625,8.886527286283114,589044.9982307225,4442378.689417895,589045.2149048083,4442378.010106079,-109.95489714450548,40.127019215718036,daily_etw_r90,-0.9707008955921244,-7.280256716940933
2023-11-08T00:00:00,0.9,54.335562711116005,-828.6830220243056,-1431.788548495625,-831.4277693645832,3146.23490259563,-56.90378797258635,57.90378797258634,31062.5,777.695526217007,3.10625,7.675710916375926,589059.9719330334,4442265.291273557,589060.1883770393,4442264.611923504,-109.95473707642279,40.12599612759135,daily_etw_r90,-0.9707008955921244,-7.280256716940933
2023-11-09T00:00:00,0.9,16.710510652769074,3.030494375,-194.05874895804172,0.8874458416666666,206.85131939414413,-11.378515755284061,12.378515755284061,24587.5,670.1219330881997,2.45875,6.075703570427142,589080.2142385873,4442298.821798342,589080.4307591371,4442298.1423915895,-109.95449490981225,40.12629602964746,daily_etw_r90,-0.9707008955921244,-7.280256716940933
2023-11-10T00:00:00,0.9,14.795065654317925,2.5883282083333334,-1450.2063007645836,1.1177004750000001,1461.2953377355682,-97.76910125837058,98.7691012583706,44837.5,1015.6854249492411,4.48375,11.079587548104808,589025.2476320183,4442351.146105644,589025.464242188,4442350.46684895,-109.9551327160223,40.1267731942354,daily_etw_r90,-0.9707008955921244,-7.280256716940933
2023-11-11T00:00:00,0.9,20.536401037615565,2.238917333333333,-1242.4534119802292,1.1663348479166666,1259.5845608365948,-60.33424052877973,61.33424052877974,44887.5,963.5533905932762,4.48875,11.091942817185494,589026.5473988238,4442315.921304549,589026.7639363173,4442315.242045302,-109.95512232216963,40.12645574794356,daily_etw_r90,-0.9707008955921244,-7.280256716940933
2023-11-12T00:00:00,0.9,17.597736999202407,2.2859206666666667,-616.94697445,1.0481122583333333,631.2106785242024,-34.86885510067636,35.86885510067636,29887.5,801.8376618407376,2.98875,7.385362092979815,589019.1377130196,4442318.440174632,589019.3542531886,4442317.760935733,-109.9552089263338,40.12647922272552,daily_etw_r90,-0.9707008955921244,-7.280256716940933
2023-11-13T00:00:00,0.9,15.840816090331737,2.4714613333333335,-1242.8431057906248,1.11513996875,1255.0973205788732,-78.23185986263091,79.23185986263093,45287.5,972.548339959393,4.52875,11.190784969830977,589016.7835589782,4442322.023965685,589017.000105777,4442321.344733166,-109.95523605771743,40.126511755133706,daily_etw_r90,-0.9707008955921244,-7.280256716940933
2023-11-14T00:00:00,0.9,20.704718643579287,2.9966260833333336,-1660.156183146458,1.0230789645833334,1676.8411967421207,-79.98835949466638,80.98835949466638,45962.5,1032.756492761107,4.59625,11.357581102420234,589035.8287194323,4442350.104713398,589036.0453310668,4442349.4254276045,-109.95500869160207,40.12676269283173,daily_etw_r90,-0.9707008955921244,-7.280256716940933
2023-11-15T00:00:00,0.9,24.609368506379212,4.1050697708333335,-1866.3126946223335,1.2362636104166669,1885.5807297474628,-75.6204435216891,76.6204435216891,27312.5,644.055915910217,2.73125,6.749065735324506,588980.3554626632,4442369.869925102,588980.5720963624,4442369.19079135,-109.95565694016324,40.12694661253315,daily_etw_r90,-0.9707008955921244,-7.280256716940933
2023-11-16T00:00:00,0.9,52.35691026467324,7.79593975,-1634.2516939979166,2.4451105500000003,1676.3675539625897,-31.018076419870113,32.01807641987011,50212.5,903.7615433949898,5.02125,12.407778974278509,589011.1563065976,4442343.207836718,589011.3728954523,4442342.528619055,-109.95529917122975,40.12670317741031,daily_etw_r90,-0.9707008955921244,-7.280256716940933
2023-11-17T00:00:00,0.9,14.06896985152192,6.751640124999999,-5820.390096195834,1.2232221125,5826.484203809856,-413.1372300388839,414.1372300388839,45662.5,954.4722215136452,4.56625,11.28344948793612,588981.0869557278,4442348.529360939,588981.303545324,4442347.85022589,-109.95565129831395,40.126754297075195,daily_etw_r90,-0.9707008955921244,-7.280256716940933
2023-11-18T00:00:00,0.9,12.060246317941717,6.270321916666667,-3323.098104246875,4.880360322916667,3324.0076683252337,-274.6168970927396,275.6168970927396,42587.5,829.4112549695449,4.25875,10.523600439473956,588991.0411012963,4442366.921978446,588991.2577325205,4442366.242815398,-109.95553195131649,40.12691892617872,daily_etw_r90,-0.9707008955921244,-7.280256716940933
2023-11-19T00:00:00,0.9,36.1077672516133,7.146367416666666,-2689.100018237917,2.336420522916667,2715.724997549947,-74.21165677804704,75.21165677804706,31662.5,775.9797974644686,3.16625,7.823974145344153,588987.7306320897,4442355.320449798,588987.9472380751,4442354.641296237,-109.9555723990544,40.12681476877981,daily_etw_r90,-0.9707008955921244,-7.280256716940933
2023-11-20T00:00:00,0.9,15.617383715548698,4.964044354166667,-181.28987339166665,0.69574631875,191.24746643429867,-11.245806974947559,12.245806974947559,32312.5,1034.264068711931,3.23125,7.984592643393066,589019.3336228378,4442340.14000294,589019.5502081277,4442339.460762853,-109.95520363440652,40.12667467629688,daily_etw_r90,-0.9707008955921244,-7.280256716940933
2023-11-21T00:00:00,0.9,19.836677425088226,4.621630020833333,-1447.8446304562501,1.0694586791666667,1461.9902191813385,-72.70136580092299,73.70136580092299,19862.5,748.4062043356618,1.98625,4.9081306423023525,589003.6485758573,4442360.953935286,589003.8651989945,4442360.274737739,-109.95538482644577,40.1268638309055,daily_etw_r90,-0.9707008955921244,-7.280256716940933
2023-11-22T00:00:00,0.9,21.037775625000002,4.547977854166667,-3949.3823589568747,1.60418743125,3964.267969296458,-187.4356996652044,188.4356996652044,50437.5,913.0508652763345,5.04375,12.463377685141594,588968.3637974366,4442345.369909982,588968.580376102,4442344.6908100685,-109.95580103891473,40.126727182821305,daily_etw_r90,-0.9707008955921244,-7.280256716940933
2023-11-23T00:00:00,0.9,6.881869379166667,4.7785485625,-2078.0248634970835,3.13592870625,2076.9922556075003,-300.80640479680324,301.8064047968033,30862.5,671.1269837220826,3.08625,7.626289840053183,588988.3609184918,4442360.161476962,588988.5775347522,4442359.482321506,-109.95556433521993,40.12685831055027,daily_etw_r90,-0.9707008955921244,-7.280256716940933
2023-11-24T00:00:00,0.9,8.8936373125,-3746.9456521541665,-4162.828999318333,-3744.383382240625,11663.051671025625,-1310.3927700462011,1311.3927700462011,16012.5,542.8427124746204,1.60125,3.956774923089562,589128.874600404,4442372.088376756,589129.0912894543,4442371.408834394,-109.95391377136797,40.12695086548366,daily_etw_r90,-0.9707008955921244,-7.280256716940933
2023-11-25T00:00:00,0.9,13.615493289583332,3.2312440208333335,-3536.8585024766667,4.432731995833333,3542.8100197495833,-259.20430875317936,260.20430875317936,39987.5,942.548339959393,3.99875,9.881126447278305,589019.0400551143,4442334.846518962,589019.2566293139,4442334.167279842,-109.955207809497,40.12662702312438,daily_etw_r90,-0.9707008955921244,-7.280256716940933
2023-11-26T00:00:00,0.9,2.6229628375000003,3.542897625,5.302793775,0.79752328125,-7.020251843749999,3.6764587524393386,-2.6764587524393386,23887.5,666.48232278141,2.38875,5.902729803297543,589117.7547428351,4442307.953268122,589117.9712952767,4442307.27375765,-109.95405311783044,40.1263743086868,daily_etw_r90,-0.9707008955921244,-7.280256716940933
2023-11-27T00:00:00,0.9,-1.7502830895833335,3.636316041666667,4.8826125875,1.1178280375,-11.387039756250001,-5.505827442440046,6.505827442440046,39137.5,827.6955262170065,3.91375,9.671086872906649,589098.0375066093,4442326.917495276,589098.2540915341,4442326.238038741,-109.95428187841864,40.126547230022425,daily_etw_r90,-0.9707008955921244,-7.280256716940933
2023-11-28T00:00:00,0.9,0.5397329583333335,3.6250940000000003,4.448464672916667,0.5557383479166667,-8.089564062500001,15.988086122218926,-14.988086122218926,39837.5,776.48232278141,3.98375,9.844060640036249,589068.652084594,4442300.111115894,589068.86860382,4442299.431740996,-109.95463041172651,40.12630886885591,daily_etw_r90,-0.9707008955921244,-7.280256716940933
2023-11-29T00:00:00,0.9,-0.20469816666666688,3.4876293541666663,3.713437666666666,0.5126789458333333,-7.918444133333333,-37.683512716690956,38.683512716690956,32537.5,742.5483399593927,3.25375,8.040191354256152,589083.4938996392,4442303.193858743,589083.7104303864,4442302.5144428415,-109.95445582012519,40.12633506613661,daily_etw_r90,-0.9707008955921244,-7.280256716940933
2023-11-30T00:00:00,0.9,4.042560708333333,3.656303854166667,4.0272951016041665,0.61511456875,-4.2561528161875,2.052835844224644,-1.0528358442246442,33637.5,836.6904755831238,3.36375,8.312007274031235,589097.0676041746,4442326.5953434855,589097.2841880985,4442325.915889634,-109.9542933045652,40.12654443082615,daily_etw_r90,-0.9707008955921244,-7.280256716940933
2023-12-01T00:00:00,0.9,5.83260979375,3.6870218333333327,-1038.2762588125,1.36143449375,1039.0604122791665,-177.14673859934598,178.14673859934598,30762.5,739.4112549695446,3.07625,7.601579301891812,589071.0908308992,4442286.005298328,589071.3073217202,4442285.325917056,-109.95460374010942,40.126181543849775,daily_etw_r90,-0.9707008955921244,-7.280256716940933
2023-12-02T00:00:00,0.9,14.97859253361679,-1663.4753865750001,-4578.256616806667,-1664.73023784375,7921.440833759034,-527.8508126501717,528.8508126501717,38862.5,821.8376618407378,3.88625,9.60313289296288,589065.6182934518,4442309.738548505,589065.8348315938,4442309.059181729,-109.9546646841973,40.12639591513592,daily_etw_r90,-0.9707008955921244,-7.280256716940933
2023-12-03T00:00:00,0.9,18.264487708333334,5.143091270833334,-3316.689556916317,1.7247515833333331,3328.086201770484,-181.2162359501611,182.2162359501611,59762.5,949.6194077712585,5.97625,14.767635368689458,589054.6345458501,4442352.532707766,589054.8511689687,4442351.853370139,-109.95478767199768,40.1267825727714,daily_etw_r90,-0.9707008955921244,-7.280256716940933
2023-12-04T00:00:00,0.9,19.851703875000002,5.512513000000001,-4153.335373885417,3.978844083333333,4163.695720677083,-208.73996725392334,209.7399672539233,43912.5,890.1219330881999,4.39125,10.851015070112124,589015.7283062665,4442343.2479862245,589015.9448967723,4442342.568755972,-109.95524551375028,40.12670305504488,daily_etw_r90,-0.9707008955921244,-7.280256716940933
2023-12-05T00:00:00,0.9,17.391945291666666,5.349464645833333,-3530.4372467333337,3.909355785416667,3538.57037159375,-202.46029798571485,203.46029798571485,31387.5,747.6955262170063,3.13875,7.756020165400383,588985.7740072611,4442357.190097805,588985.990616462,4442356.510949567,-109.95559510210626,40.12683181785122,daily_etw_r90,-0.9707008955921244,-7.280256716940933
2023-12-06T00:00:00,0.9,17.14659041666667,4.79892075,-3531.9041636770835,3.781518091666667,3540.4703152520833,-205.48246848018883,206.48246848018883,21537.5,606.9848480983512,2.15375,5.32203215650532,588980.4270265277,4442355.410077895,588980.643630198,4442354.730944432,-109.95565809390195,40.1268163491379,daily_etw_r90,-0.9707008955921244,-7.280256716940933
2023-12-07T00:00:00,0.9,14.785702708333332,4.095924010416667,-2274.2085556541665,3.545581731250001,2281.352752620833,-153.2945098804838,154.2945098804838,46712.5,880.1219330882,4.67125,11.542910138630518,589007.8896391639,4442362.250549507,589008.1062664464,4442361.571340249,-109.95533487907363,40.12687506197727,daily_etw_r90,-0.9707008955921244,-7.280256716940933
2023-12-08T00:00:00,0.9,16.944649520833334,3.0806806875000006,-187.87300258333335,0.5266035895833333,201.21036782708336,-10.87456651609681,11.87456651609681,9162.5,398.4924240491755,0.91625,2.2641030590356355,588999.6655776206,4442329.567683495,588999.8821341969,4442328.888497904,-109.95543589466021,40.126581521892504,daily_etw_r90,-0.9707008955921244,-7.280256716940933
2023-12-09T00:00:00,0.9,0.01570458333333195,2.3606634375,-1450.2992535816668,0.9626209145833334,1446.9916738129168,-92137.1766774908,92138.17667749082,41112.5,879.6194077712584,4.11125,10.159120001593731,589030.760539661,4442329.160726974,589030.977106087,4442328.481455734,-109.95507105530189,40.12657456391946,daily_etw_r90,-0.9707008955921244,-7.280256716940933
2023-12-10T00:00:00,0.9,10.489177916666664,2.4591680416666666,-1036.1089234147917,1.4449195562500001,1042.6940137335416,-98.406647691309,99.406647691309,32762.5,767.1930009000656,3.27625,8.095790065119237,589009.5258463003,4442407.363565193,589009.7425678287,4442406.684350047,-109.95530945661099,40.127281271483156,daily_etw_r90,-0.9707008955921244,-7.280256716940933
2023-12-11T00:00:00,0.9,15.38936465,2.9410181458333327,-411.48527250395836,1.0342476999999999,422.899371308125,-26.479976004605557,27.47997600460556,50887.5,1070.3300858899136,5.08875,12.574575106867764,589023.6309262549,4442348.604601705,589023.847530594,4442347.925349535,-109.9551520384732,40.1267504712861,daily_etw_r90,-0.9707008955921244,-7.280256716940933
2023-12-12T00:00:00,0.9,11.577520583333333,3.230547291666666,-1453.905353185625,1.1849276625,1461.0673988147917,-125.19864402729738,126.19864402729738,39462.5,834.264068711931,3.94625,9.751396121931107,589011.9700808262,4442331.760647816,589012.1866461876,4442331.081428261,-109.95529120040476,40.12659997378671,daily_etw_r90,-0.9707008955921244,-7.280256716940933
2023-12-13T00:00:00,0.9,6.637767916666667,3.947414208333333,-4370.66202533125,1.0986692270833334,4372.2537098125,-657.6933687202708,658.6933687202708,43337.5,938.4062043356626,4.33375,10.70892947568424,589004.6468115513,4442347.946265619,589004.8634080135,4442347.267065732,-109.95537490603553,40.1267465507882,daily_etw_r90,-0.9707008955921244,-7.280256716940933
2023-12-14T00:00:00,0.9,15.280495291666666,3.5174031875,-4577.925666354166,2.0344648291666667,4587.654293629166,-299.22942359277306,300.22942359277306,27487.5,731.1269837220825,2.74875,6.792309177106906,588989.7987821082,4442348.144877676,588990.015373892,4442347.465718657,-109.95554911886059,40.12674991157935,daily_etw_r90,-0.9707008955921244,-7.280256716940933
2023-12-15T00:00:00,0.9,9.885157874999999,3.4208642499999997,-4994.4291655145835,1.573565825,4999.319893314583,-504.7400151350222,505.7400151350222,26687.5,758.9087296526031,2.66875,6.594624871815936,588981.576591037,4442353.304288811,588981.7931907243,4442352.6251522545,-109.95564489417916,40.126797258308386,daily_etw_r90,-0.9707008955921244,-7.280256716940933
2023-12-16T00:00:00,0.9,6.7923577083333315,3.2139182500000003,-4161.791206914583,1.8007917729166667,4163.568854599999,-611.9784433307815,612.9784433307814,30862.5,767.6955262170065,3.08625,7.626289840053183,588976.3374947048,4442349.842521917,588976.5540854023,4442349.163399897,-109.95570685176376,40.12676662879647,daily_etw_r90,-0.9707008955921244,-7.280256716940933
2023-12-17T00:00:00,0.9,9.408882083333333,3.067639979166666,-4578.276049293126,1.4038865270833334,4583.213404870209,-486.1156173791149,487.1156173791149,38087.5,790.6244584051415,3.80875,9.411626222212252,588986.6423260851,4442345.655660126,588986.8589116144,4442344.97650988,-109.95558650277638,40.12672782252535,daily_etw_r90,-0.9707008955921244,-7.280256716940933
2023-12-18T00:00:00,0.9,3.892725645833334,3.187760791666667,-3330.1500944870836,1.366117970833333,3329.488941370417,-854.3104544971491,855.3104544971491,32637.5,757.1930009000655,3.26375,8.064901892417522,588976.423890084,4442343.031537754,588976.6404666537,4442342.352415731,-109.955706776883,40.126705265590786,daily_etw_r90,-0.9707008955921244,-7.280256716940933
2023-12-19T00:00:00,0.9,17.083131666666663,3.400886958333333,-2496.3561872160412,1.5722053854166667,2508.466226538958,-145.83878082105898,146.83878082105898,27862.5,696.9848480983516,2.78625,6.884973695212048,588981.8525139622,4442351.255090712,588982.0691094849,4442350.575953464,-109.95564193876747,40.12677876971501,daily_etw_r90,-0.9707008955921244,-7.280256716940933
2023-12-20T00:00:00,0.9,4.3984397500000005,3.7610809999999995,-3538.6602949164376,1.1254923583333334,3538.172161308104,-803.4152841489084,804.4152841489084,38662.5,881.8376618407382,3.86625,9.553711816640137,589000.4230397169,4442353.152662716,589000.6396455462,4442352.473474292,-109.95542375364604,40.126793897672684,daily_etw_r90,-0.9707008955921244,-7.280256716940933
2023-12-21T00:00:00,0.9,15.17378354166667,3.9636631875,-5411.813530190208,1.3218841166666666,5421.701766427709,-356.3071773127584,357.3071773127584,24137.5,714.0559159102171,2.41375,5.964506148700971,588986.0822954507,4442350.352743268,588986.2988905481,4442349.673594408,-109.95559242707105,40.126770193615776,daily_etw_r90,-0.9707008955921244,-7.280256716940933
2023-12-22T00:00:00,0.9,16.794879562499997,4.390463145833333,-2705.1812798354163,1.4942255500000001,2716.091470702083,-160.72140208534964,161.72140208534964,31612.5,816.690475583124,3.16125,7.811618876263467,588998.7161874091,4442348.806264252,588998.932783624,4442348.127080664,-109.95544438275368,40.126754925537405,daily_etw_r90,-0.9707008955921244,-7.280256716940933
2023-12-23T00:00:00,0.9,8.667834002500001,-3747.5873221999996,-5406.934456496875,-3748.419459311562,12911.609072010935,-1488.600408624223,1489.6004086242228,41412.5,934.9747468305864,4.14125,10.233251616077844,589082.6547088322,4442329.9272532305,589082.8712947001,4442329.247839009,-109.95446197807748,40.1265759721998,daily_etw_r90,-0.9707008955921244,-7.280256716940933
2023-12-24T00:00:00,0.9,-3.916106249999999,2.5051858333333334,-825.7396043902082,0.6276127458333333,818.6906995610416,210.05732564356285,-209.05732564356285,36812.5,859.6194077712584,3.68125,9.09656686065477,589005.3724775006,4442340.462860806,589005.5890586681,4442339.783659154,-109.95536742241053,40.12667906267745,daily_etw_r90,-0.9707008955921244,-7.280256716940933
2023-12-25T00:00:00,0.9,1.7711931041666682,2.2103058125,-2911.673077497708,0.7288723333333333,2910.5050924560414,-1642.245496840058,1643.2454968400582,28887.5,757.6955262170065,2.88875,7.138256711366103,588989.239525172,4442352.139326391,588989.4561250634,4442351.460168781,-109.95555513093363,40.1267859531848,daily_etw_r90,-0.9707008955921244,-7.280256716940933
2023-12-26T00:00:00,0.9,7.727890833333333,1.9291888958333334,-5620.196914385625,0.9896715333333334,5625.005944789792,-726.8837222346622,727.8837222346622,29587.5,783.0508652763341,2.95875,7.311230478495701,588991.1708082313,4442343.066229518,588991.387389934,4442342.387066888,-109.95553371852115,40.126704017365384,daily_etw_r90,-0.9707008955921244,-7.280256716940933
2023-12-27T00:00:00,0.9,6.4012571041666675,2.0210859375,-4370.7958681585,0.86461526875,4374.311424056416,-682.3519342957052,683.3519342957052,25137.5,706.4823227814097,2.51375,6.211611530314683,588975.8274366008,4442352.049206784,588976.0440317102,4442351.370086095,-109.95571253303736,40.1267865608233,daily_etw_r90,-0.9707008955921244,-7.280256716940933
2023-12-28T00:00:00,0.9,17.5462473125,2.142816,-4371.207985665001,1.0800960645833333,4385.531320912917,-248.941269082002,249.941269082002,26487.5,731.1269837220825,2.64875,6.545203795493194,588983.0714768125,4442348.076110629,588983.2880661462,4442347.396970132,-109.95562807263433,40.126750004121696,daily_etw_r90,-0.9707008955921244,-7.280256716940933
2023-12-29T00:00:00,0.9,14.7109173125,2.211992125,-4163.409532563604,0.6535397291666667,4175.254918021938,-282.8201608593222,283.8201608593222,19387.5,691.1269837220824,1.93875,4.790755586035839,588981.0223183024,4442348.832996711,588981.2389085072,4442348.153861829,-109.95565201496673,40.12675703909883,daily_etw_r90,-0.9707008955921244,-7.280256716940933
2023-12-30T00:00:00,0.9,6.1671191875,2.4440916875,-3330.4776386508333,1.1525561166666667,3333.0481100341663,-539.4546286035544,540.4546286035543,32837.5,859.4112549695451,3.28375,8.114322968740264,588997.7567591071,4442346.0125834,588997.9733491899,4442345.333402541,-109.95545602678338,40.12672986132529,daily_etw_r90,-0.9707008955921244,-7.280256716940933
2023-12-31T00:00:00,0.9,16.56299777083333,2.6714891458333327,-4371.646666525541,1.1155253958333333,4384.422649754708,-263.7119024235741,264.7119024235741,33012.5,863.0508652763343,3.30125,8.157566410522664,588994.002716943,4442348.238302252,588994.2193103628,4442347.55913166,-109.9554997732014,40.126750308195255,daily_etw_r90,-0.9707008955921244,-7.280256716940933
2024-01-01T00:00:00,0.9,9.46862325,2.468891708333333,-4788.455124485,1.2143093624999999,4794.240546664167,-505.32921176414607,506.329211764146,38887.5,936.6904755831242,3.88875,9.609310527503222,588993.6986502416,4442347.001626208,588993.915240987,4442346.322456492,-109.95550351191648,40.12673920027234,daily_etw_r90,-0.9707008955921244,-7.280256716940933
2024-01-02T00:00:00,0.9,13.397289187499998,2.397567291666667,-4787.744100064584,1.0887182770833335,4797.655103683334,-357.10640768728535,358.10640768728535,25787.5,756.4823227814103,2.57875,6.372230028363596,588992.445725782,4442360.797542302,588992.6623447613,4442360.118375585,-109.95551631261266,40.126863607945495,daily_etw_r90,-0.9707008955921244,-7.280256716940933
2024-01-03T00:00:00,0.9,12.733502000000001,2.4948805208333336,-3121.721857504584,1.2495656354166667,3130.710913348334,-244.86409248204725,245.86409248204725,37612.5,808.9087296526031,3.76125,9.29425116594574,588985.8980379633,4442340.211411706,588986.1146119237,4442339.532263687,-109.95559598754626,40.12667885893712,daily_etw_r90,-0.9707008955921244,-7.280256716940933
2024-01-04T00:00:00,0.9,19.25743552083333,3.1003662291666667,-4788.433959471458,1.3842140687500002,4803.206814694375,-248.4208956066921,249.42089560669214,65337.5,1084.680374315357,6.53375,16.1452478711859,589045.7585365268,4442322.0350366235,589045.9750933271,4442321.355724262,-109.95489603881549,40.126508786695275,daily_etw_r90,-0.9707008955921244,-7.280256716940933
2024-01-05T00:00:00,0.9,5.634435479166665,2.9333049375000004,-3121.5930582208334,0.7833572666666667,3123.5108314958334,-553.3609192163119,554.3609192163119,56637.5,1044.9747468305861,5.66375,13.995431051146609,589027.9264754145,4442373.348299225,589028.1431325875,4442372.669034513,-109.95509821745888,40.12697291023957,daily_etw_r90,-0.9707008955921244,-7.280256716940933
2024-01-06T00:00:00,0.9,-1.325524166666666,2.1601104374999998,-2079.881007298958,0.5458817541666666,2075.849490940625,1567.0593319553152,-1566.0593319553154,33362.5,854.7665940288723,3.33625,8.244053294087463,588998.1736033406,4442346.41168561,588998.3901943945,4442345.732503591,-109.95545108012371,40.12673341235619,daily_etw_r90,-0.9707008955921244,-7.280256716940933
2024-01-07T00:00:00,0.9,-1.4754057499999995,2.7299841458333334,-3122.6284558166667,0.41279406875,3118.0102718520834,2114.3239258773965,-2113.3239258773965,38737.5,948.406204335662,3.87375,9.572244720261166,589040.9302382056,4442310.611515977,589041.1467696386,4442309.932217239,-109.9549542741927,40.12640639377651,daily_etw_r90,-0.9707008955921244,-7.280256716940933
2024-01-08T00:00:00,0.9,3.888768375,1.5990390416666667,4.600926024375,0.35816551458333334,-2.6693622056249997,1.6864286962385615,-0.6864286962385615,20612.5,603.5533905932756,2.06125,5.0934596785126365,589007.7396708544,4442335.58054913,589007.9562426949,4442334.9013411105,-109.9553403169599,40.12663483170955,daily_etw_r90,-0.9707008955921244,-7.280256716940933
2024-01-09T00:00:00,0.9,-7.1111979312499995,1.6057421666666667,-2706.4382294089583,1.4384828125,2696.2828064985415,380.1601404665995,-379.1601404665995,56037.5,1030.330085889914,5.60375,13.847167822178381,589054.2426215935,4442330.511266847,589054.459198899,4442329.831930883,-109.95479530971191,40.126584242879886,daily_etw_r90,-0.9707008955921244,-7.280256716940933
2024-01-10T00:00:00,0.9,7.784241062500001,2.3522328666666668,-2487.94080485625,2.460885554166667,2490.9119274979166,-318.9941917906035,319.9941917906035,44787.5,861.8376618407378,4.47875,11.067232279024122,589029.6901487381,4442362.772934388,589029.9067845627,4442362.093665129,-109.95507897965922,40.12687745950767,daily_etw_r90,-0.9707008955921244,-7.280256716940933
2024-01-11T00:00:00,0.9,-13.377944979166669,1.86956625,-812.371217926875,0.3911381354166667,796.7325685622917,60.555676884830575,-59.55567688483058,22512.5,615.2691193458132,2.25125,5.562959903578689,588988.3008158248,4442290.970642198,588988.5172882868,4442290.291489185,-109.95557458034004,40.12623503858993,daily_etw_r90,-0.9707008955921244,-7.280256716940933
2024-01-12T00:00:00,0.9,-3.377993812499998,2.2668233124999997,-3947.3510200906253,0.576406725,3941.1297962406256,1167.7072277210182,-1166.7072277210182,36362.5,754.7665940288725,3.63625,8.985369438928599,589006.5489405694,4442303.701344676,589006.7654457875,4442303.0221409295,-109.95535868633863,40.12634778655053,daily_etw_r90,-0.9707008955921244,-7.280256716940933
2024-01-13T00:00:00,0.9,15.366133770833335,3.2031119791666662,-3325.780188121875,0.40930282291666664,3337.533907090625,-216.2006281388519,217.20062813885187,39462.5,798.1980515339482,3.94625,9.751396121931107,589003.5650813541,4442339.766006284,589003.7816604535,4442339.086809631,-109.9553887281075,40.12667297666817,daily_etw_r90,-0.9707008955921244,-7.280256716940933
2024-01-14T00:00:00,0.9,48.87912808125,-1246.471472114583,-4152.401972704167,-1248.162784459375,6695.915357359375,-135.9892553367359,136.9892553367359,43162.5,897.1930009000658,4.31625,10.66568603390184,589044.0654483204,4442325.220794457,589044.2820111483,4442324.541486672,-109.954915467454,40.126537663640185,daily_etw_r90,-0.9707008955921244,-7.280256716940933
2024-01-15T00:00:00,0.9,2.6528776458333314,2.2005785083333333,-1034.3771659208958,0.5430306395833333,1034.2864344188124,-388.873402583525,389.873402583525,36762.5,950.3300858899136,3.67625,9.084211591574084,589057.4218496365,4442317.674249583,589057.6384014089,4442316.994905195,-109.95475977317268,40.126468268963954,daily_etw_r90,-0.9707008955921244,-7.280256716940933
2024-01-16T00:00:00,0.9,17.056404166666667,1.0009363041666666,-2704.1731800209996,0.7266691937499999,2719.5019786897496,-158.44169428187408,159.44169428187408,32887.5,809.6194077712585,3.28875,8.12667823782095,589000.754482186,4442351.713973252,589000.971085141,4442351.03478396,-109.9554200625899,40.12678090272297,daily_etw_r90,-0.9707008955921244,-7.280256716940933
2024-01-17T00:00:00,0.9,20.821187508333335,2.1429098958333337,-3331.0097413083336,0.7128421541666667,3348.975176766667,-159.84458081107502,160.84458081107505,33662.5,784.264068711931,3.36625,8.318184908571578,589050.8546166839,4442372.939589493,589051.0712808396,4442372.260261726,-109.95482921345786,40.126966800413825,daily_etw_r90,-0.9707008955921244,-7.280256716940933
2024-01-18T00:00:00,0.9,16.224051875,3.203524875,-3746.571486005209,1.8173061020833334,3757.7747069031257,-230.61752291322264,231.61752291322264,76612.5,1252.0458146424487,7.66125,18.931361048880504,589063.3815684984,4442348.841757818,589063.5981869602,4442348.162396208,-109.95468553582408,40.126748397794955,daily_etw_r90,-0.9707008955921244,-7.280256716940933
2024-01-19T00:00:00,0.9,17.269059374999998,3.5684276458333333,-4372.2077943466875,0.98322435625,4384.925201719604,-252.91801061658023,253.91801061658023,35462.5,784.2640687119308,3.54625,8.762974595476258,588987.5775332665,4442351.285384153,588987.7941308147,4442350.606231146,-109.95557475200124,40.12677843668923,daily_etw_r90,-0.9707008955921244,-7.280256716940933
2024-01-20T00:00:00,0.9,6.843111750416665,3.6314600000000006,-4371.98014785625,1.2344282874999999,4373.957371319168,-638.1766685752056,639.1766685752056,37937.5,847.1930009000654,3.79375,9.374560414970196,588983.3944453172,4442351.344862804,588983.6110415555,4442350.665721309,-109.95562383196378,40.126779415203664,daily_etw_r90,-0.9707008955921244,-7.280256716940933
2024-01-21T00:00:00,0.9,33.94534225,-1871.0620040120614,-3955.5679525683227,-1873.9204324608552,7734.495731291239,-226.85145821563307,227.85145821563307,37412.5,927.903679018721,3.74125,9.244830089622997,589029.94767248,4442337.435742169,589030.1642558023,4442336.756472931,-109.95507945272414,40.12664919218876,daily_etw_r90,-0.9707008955921244,-7.280256716940933
2024-01-22T00:00:00,0.9,19.82356196875,-1661.8150445625,-4579.963193273333,-1665.2934877854168,7926.8952875899995,-398.8723993238961,399.8723993238961,38162.5,877.193000900066,3.81625,9.430159125833281,589009.5641491208,4442356.879036572,589009.7807658198,4442356.199822872,-109.95531596961898,40.1268264975583,daily_etw_r90,-0.9707008955921244,-7.280256716940933
2024-01-23T00:00:00,0.9,25.789856541666666,6.022871645833334,-5413.553172845834,1.5580019895833335,5431.762155752083,-209.61622219481555,210.61622219481552,37487.5,881.3351365237968,3.74875,9.263362993244025,589007.7579404531,4442359.14718635,589007.974561245,4442358.46797755,-109.95533685253075,40.126847120501054,daily_etw_r90,-0.9707008955921244,-7.280256716940933
2024-01-24T00:00:00,0.9,42.323952999999996,-1245.5767347656251,-3739.1319285976037,-1248.9004252572915,6275.93304162052,-147.28324380807533,148.28324380807533,40987.5,810.1219330882002,4.09875,10.128231828892016,589006.4673778992,4442354.1879094485,589006.6839879487,4442353.508704356,-109.95535268109981,40.12680258344053,daily_etw_r90,-0.9707008955921244,-7.280256716940933
2024-01-25T00:00:00,0.9,9.855413833333332,4.3586980833333335,-4371.827545904166,0.83599395625,4376.488267697916,-443.0694568193171,444.06945681931705,56162.5,1086.1879502661816,5.61625,13.878055994880095,589042.7229331731,4442334.929498143,589042.9395156839,4442334.25019379,-109.95492988226303,40.126625262825144,daily_etw_r90,-0.9707008955921244,-7.280256716940933
2024-01-26T00:00:00,0.9,28.484789770833334,3.8216302916666667,-4785.859444209917,1.886622675,4808.635981014083,-167.81416432070105,168.81416432070105,36262.5,858.9087296526035,3.62625,8.960658900767228,588994.3869223952,4442348.364953773,588994.6035162092,4442347.685782117,-109.95549524712311,40.126751408418414,daily_etw_r90,-0.9707008955921244,-7.280256716940933
2024-01-27T00:00:00,0.9,25.634788333333333,2.995369541666667,-4579.1364433875,0.7335492958333334,4601.042312883334,-178.48431065843923,179.48431065843923,31062.5,755.979797464469,3.10625,7.675710916375926,588993.2023153274,4442362.592413729,588993.4189382957,4442361.913244872,-109.9555071866022,40.12687969625315,daily_etw_r90,-0.9707008955921244,-7.280256716940933
2024-01-28T00:00:00,0.9,27.111226666666663,3.3356124791666666,-5620.870399045833,0.8546372895833333,5643.791375943751,-207.17174542982997,208.17174542982997,35837.5,807.6955262170068,3.58375,8.8556391135814,588984.3495036552,4442356.113061043,588984.5661101306,4442355.433916762,-109.95561196703572,40.12682226655548,daily_etw_r90,-0.9707008955921244,-7.280256716940933
2024-01-29T00:00:00,0.9,32.191387320833336,3.8163574375000002,-4579.130402225001,1.0726997333333335,4606.432732375,-142.09519147047914,143.09519147047914,34962.5,886.6904755831241,3.49625,8.639421904669403,589003.4776894174,4442347.878106672,589003.6942853373,4442347.198910004,-109.95538863497104,40.12674606056707,daily_etw_r90,-0.9707008955921244,-7.280256716940933
2024-01-30T00:00:00,0.9,30.64009508125,4.129809770833333,-4995.59658334375,1.3435343479166668,5020.763334306251,-162.86252461007123,163.86252461007123,29387.5,805.9797974644688,2.93875,7.2618094021729584,588991.1121114072,4442362.228365404,588991.3287329045,4442361.549202311,-109.95553176519026,40.12687663810554,daily_etw_r90,-0.9707008955921244,-7.280256716940933
2024-01-31T00:00:00,0.9,30.750689562500003,4.134218541666667,-5203.829108623541,1.0629563770833332,5229.382623267292,-169.05741001803239,170.05741001803239,48787.5,972.5483399593932,4.87875,12.05565380547897,588996.9635031725,4442340.544791429,588997.1800816238,4442339.865612931,-109.95546608952549,40.12668069084944,daily_etw_r90,-0.9707008955921244,-7.280256716940933
2024-02-01T00:00:00,0.9,22.892470687499998,4.527865666666667,-4579.691419745833,1.2545415083333333,4596.801483258332,-199.79971035054461,200.7997103505446,37612.5,862.5483399593927,3.76125,9.29425116594574,589000.4686317374,4442371.799010016,589000.685276316,4442371.119820877,-109.95542064733246,40.12696186108795,daily_etw_r90,-0.9707008955921244,-7.280256716940933
2024-02-02T00:00:00,0.9,24.736873524999996,6.249883395833334,-2906.0421614791667,1.6006712645833334,2922.9284803437504,-117.16078848403097,118.16078848403097,29437.5,783.0508652763345,2.94375,7.2741646712536445,589008.2364233726,4442355.33862454,589008.4530364183,4442354.659414541,-109.9553317628092,40.126812761925706,daily_etw_r90,-0.9707008955921244,-7.280256716940933
2024-02-03T00:00:00,0.9,30.891430166666662,3.770953604166667,-616.3529633145833,0.3479940354166667,643.1254458416666,-19.818895155447674,20.81889515544767,16387.5,622.8427124746203,1.63875,4.0494394411947034,589016.1518649005,4442368.073141478,589016.3685070998,4442367.39390931,-109.95523711940044,40.12692663777885,daily_etw_r90,-0.9707008955921244,-7.280256716940933
2024-02-04T00:00:00,0.9,35.069299854166665,2.7621822291666667,-3328.3023318054165,0.6133029958333333,3359.9961464345834,-94.81018612880503,95.81018612880503,46212.5,919.1168824543174,4.62125,11.41935744782366,589014.5099315587,4442339.657487971,589014.7265141923,4442338.97826118,-109.95526030644723,40.12667084045413,daily_etw_r90,-0.9707008955921244,-7.280256716940933
2024-02-05T00:00:00,0.9,15.870348020833331,4.069766854166667,-3955.751218008125,0.7284228729166665,3966.8233763018748,-248.95188329169244,249.95188329169244,28062.5,646.4823227814098,2.80625,6.93439477153479,588996.5323605584,4442366.163983082,588996.7489920858,4442365.48480495,-109.95546761627176,40.126911516843165,daily_etw_r90,-0.9707008955921244,-7.280256716940933
2024-02-06T00:00:00,0.9,19.460085145833332,5.1124316875,-3330.63752921125,1.1340871750000001,3343.851095494583,-170.83126746033517,171.8312674603352,49887.5,997.1930009000652,4.98875,12.327469725254053,589054.7172650864,4442334.026858575,589054.9338498467,4442333.34752121,-109.95478925474828,40.12661586141866,daily_etw_r90,-0.9707008955921244,-7.280256716940933
2024-02-07T00:00:00,0.9,18.09475445833333,-3121.00807749375,-3316.376541872222,-2290.057203104487,8745.536576928793,-482.31888653516023,483.3188865351603,41112.5,847.4873734152928,4.11125,10.159120001593731,589024.6553405115,4442342.737802068,589024.8719330223,4442342.058547249,-109.95514082630416,40.12669751407869,daily_etw_r90,-0.9707008955921244,-7.280256716940933
2024-02-08T00:00:00,0.9,37.50664217083334,4.442078729166667,-610.8285624979167,0.9076875437500002,642.9854383958333,-16.143241868125546,17.143241868125546,43212.5,886.6904755831242,4.32125,10.678041302982527,589032.0278264887,4442353.405450864,589032.2444436719,4442352.726175439,-109.95505283939798,40.12679282870908,daily_etw_r90,-0.9707008955921244,-7.280256716940933
2024-02-09T00:00:00,0.9,39.48130704166667,-621.5192570708333,-2487.6039422010413,-622.1278510895833,3770.7323574031243,-94.506776242835,95.506776242835,28287.5,791.3351365237967,2.82875,6.9899934823978755,589017.9893306134,4442360.749675396,589018.2059582348,4442360.070438394,-109.95521656695186,40.126860472695576,daily_etw_r90,-0.9707008955921244,-7.280256716940933
2024-02-10T00:00:00,0.9,-3.380246208333334,3.665520854166667,-2495.567316245679,4.5231019041666665,2483.998447279013,735.8572542305357,-734.8572542305357,32587.5,706.4823227814102,3.25875,8.052546623336836,589002.9622774143,4442371.351050262,589003.1789219133,4442370.671854276,-109.95539144632157,40.126957561850624,daily_etw_r90,-0.9707008955921244,-7.280256716940933
2024-02-11T00:00:00,0.9,-10.783345583333334,2.406053270833333,-4369.548603156562,0.83738131875,4355.5218229836455,404.91192040766185,-403.91192040766185,27362.5,682.3401871576789,2.73625,6.761421004405192,588976.549477255,4442348.4196482655,588976.7660650676,4442347.740525712,-109.9557045603255,40.126753788967534,daily_etw_r90,-0.9707008955921244,-7.280256716940933
2024-02-12T00:00:00,0.9,0.9770418541666661,2.8790487500000004,-2701.2629728054167,0.8127838562499999,2698.548182053333,-2760.9576075939613,2761.9576075939613,23987.5,697.6955262170064,2.39875,5.927440341458914,588994.242645374,4442370.902601768,588994.4592859634,4442370.223429783,-109.95549383252354,40.12695444517927,daily_etw_r90,-0.9707008955921244,-7.280256716940933
2024-02-13T00:00:00,0.9,42.05584770833333,3.7495084791666664,-1443.6864062910415,1.2396561458333333,1480.753089374375,-34.20920799513369,35.20920799513369,34412.5,850.6244584051418,3.44125,8.503513944781862,589008.814455599,4442353.0054801535,589009.0310639981,4442352.326268636,-109.95532530141496,40.12679168352511,daily_etw_r90,-0.9707008955921244,-7.280256716940933
2024-02-14T00:00:00,0.9,56.41333016666667,4.6304065625,-1440.6143288958335,0.9702573104166667,1491.4269951895835,-25.437492535599915,26.437492535599915,55737.5,956.690475583124,5.57375,13.773036207694267,588994.9628550174,4442358.26160207,588995.1794695907,4442357.582428508,-109.95548712396959,40.12684049750059,daily_etw_r90,-0.9707008955921244,-7.280256716940933
2024-02-15T00:00:00,0.9,23.470105645833332,4.852994208333333,-611.1570566083332,0.6379260041666667,629.1362420416665,-25.805854713029706,26.805854713029703,29487.5,709.4112549695449,2.94875,7.28651994033433,588990.9035524233,4442350.423993714,588991.120149322,4442349.744831581,-109.9555358402354,40.12677032516394,daily_etw_r90,-0.9707008955921244,-7.280256716940933
2024-02-16T00:00:00,0.9,64.11278374999999,4.3821536666666665,-1027.5227325764583,0.7654568604166666,1086.487905799375,-15.946509607756271,16.946509607756273,36912.5,754.2640687119306,3.69125,9.12127739881614,589002.9583257097,4442363.281924315,589003.1749534472,4442362.602728592,-109.95539260544497,40.126884874742,daily_etw_r90,-0.9707008955921244,-7.280256716940933
2024-02-17T00:00:00,0.9,44.870363499999996,2.2951222916666665,-1032.5047176241667,0.89889585,1074.1810629825,-22.93965591525685,23.93965591525685,44812.5,1003.2590180780484,4.48125,11.073409913564465,589034.598288096,4442326.802976039,589034.8148509488,4442326.123694295,-109.95502634505885,40.126552918667294,daily_etw_r90,-0.9707008955921244,-7.280256716940933
2024-02-18T00:00:00,0.9,48.332864225,-2913.8516376197913,-4160.716709059646,-2911.554198492708,10034.455409397146,-206.61143727556828,207.61143727556828,41387.5,850.1219330882,4.13875,10.227073981537501,589064.5036717397,4442344.263287464,589064.7202810931,4442343.583922882,-109.95467299986427,40.12670703560091,daily_etw_r90,-0.9707008955921244,-7.280256716940933
2024-02-19T00:00:00,0.9,47.3807404375,4.633661041666667,-3739.603387704375,1.5292789041666668,3780.821188196042,-78.79658302688047,79.79658302688047,40787.5,950.1219330882,4.07875,10.078810752569275,589013.1275573502,4442351.896882284,589013.3441649235,4442351.217658929,-109.95527484044159,40.126781240544524,daily_etw_r90,-0.9707008955921244,-7.280256716940933
2024-02-20T00:00:00,0.9,31.79421471859364,-1870.097567517448,-3944.855514598021,-1866.3407299385417,7713.088026772604,-241.5940723820393,242.5940723820393,48587.5,987.4011537017793,4.85875,12.006232729156228,589071.5606912923,4442339.330124191,589071.7772928401,4442338.650740299,-109.95459086729437,40.12666184957889,daily_etw_r90,-0.9707008955921244,-7.280256716940933
2024-02-21T00:00:00,0.9,50.54773258730726,-1660.8052818541667,-2476.44254450625,-1664.8484385666668,5852.643997514391,-114.78450106353561,115.78450106353561,40662.5,843.0508652763342,4.06625,10.04792257986756,589017.7365519493,4442345.487873021,589017.9531477961,4442344.808637171,-109.95522163826229,40.126723019557765,daily_etw_r90,-0.9707008955921244,-7.280256716940933
2024-02-22T00:00:00,0.9,46.22980989384504,4.738194270833333,-1433.4320387208334,0.5843940645833333,1474.3392602792617,-30.891527645575565,31.891527645575565,36187.5,871.3351365237968,3.61875,8.9421259971462,589002.4437359296,4442368.385548184,589002.6603740911,4442367.706353717,-109.9553979403225,40.12693090319081,daily_etw_r90,-0.9707008955921244,-7.280256716940933
2024-02-23T00:00:00,0.9,45.61822984634151,4.205868020833333,-816.8681563568749,1.03196733125,857.248550851133,-17.791797790897462,18.791797790897462,41187.5,905.9797974644689,4.11875,10.177652905214758,589024.4057697413,4442347.888401599,589024.6223728593,4442347.209147316,-109.95514304454778,40.12674393763892,daily_etw_r90,-0.9707008955921244,-7.280256716940933
2024-02-24T00:00:00,0.9,38.97040724487557,3.818942270833334,-1862.2204160041667,0.8338576354166666,1896.5380233427923,-47.66610737284965,48.66610737284965,45387.5,929.6194077712586,4.53875,11.21549550799235,589023.7597513325,4442336.4138598535,589023.9763304078,4442335.734607687,-109.95515220822753,40.12664064217769,daily_etw_r90,-0.9707008955921244,-7.280256716940933
2024-02-25T00:00:00,0.9,49.00283875507233,3.681479145833333,-818.1098191922919,0.9725431937500001,862.4586356077809,-16.600177000327495,17.600177000327495,25212.5,671.1269837220825,2.52125,6.2301444339357115,588983.2806501518,4442345.981791643,588983.4972352048,4442345.302650642,-109.95562590674969,40.126731116138515,daily_etw_r90,-0.9707008955921244,-7.280256716940933
2024-02-26T00:00:00,0.9,59.62842164308097,4.276373520833333,-2484.128278814375,0.9609003666666668,2538.5194265699556,-41.57230623619089,42.57230623619089,28662.5,651.6295090390238,2.86625,7.0826580005030175,588982.4149238035,4442351.344393043,588982.6315197055,4442350.665254244,-109.95563532662615,40.126779514638386,daily_etw_r90,-0.9707008955921244,-7.280256716940933
2024-02-27T00:00:00,0.9,39.64107272319694,2.6585352708333336,20.611774912083334,0.5973957833333333,15.773366756946942,0.6020953603579761,0.3979046396420239,9712.5,409.705627484772,0.97125,2.400011018923177,589001.4960567551,4442341.338382034,589001.7126384118,4442340.659191028,-109.95541279105906,40.12668735981336,daily_etw_r90,-0.9707008955921244,-7.280256716940933
2024-02-28T00:00:00,0.9,52.217904954034964,1.8750436666666666,7.436463785624999,0.6390665812499999,42.2673309204933,0.1905586607180181,0.8094413392819819,24937.5,698.1980515339483,2.49375,6.162190453991941,589081.5777756926,4442359.177523805,589081.7944218194,4442358.498111854,-109.95447057855266,40.12683957571808,daily_etw_r90,-0.9707008955921244,-7.280256716940933
2024-02-29T00:00:00,0.9,53.9562731971666,2.6036070208333335,-1032.7437642206667,0.8460255375,1083.2504048595,-19.07644970031741,20.07644970031741,30112.5,679.9137802864857,3.01125,7.440960803842899,588975.9087702598,4442363.446484404,588976.1253890883,4442362.7673631,-109.95571000736827,40.126889220091876,daily_etw_r90,-0.9707008955921244,-7.280256716940933
2024-03-01T00:00:00,0.9,55.01722776566073,3.6320449375000003,-823.50142712125,0.7272450083333334,874.1593649410775,-14.888829743738711,15.888829743738711,45512.5,1011.5432893255103,4.55125,11.246383680694063,589001.7927418927,4442356.6633345485,589002.0093554836,4442355.984142243,-109.95540719619049,40.12682537718059,daily_etw_r90,-0.9707008955921244,-7.280256716940933
2024-03-02T00:00:00,0.9,55.63248582163457,4.2871923333333335,-604.3200089375,1.9842157541666665,653.6810866716345,-10.749988824289218,11.749988824289217,25587.5,647.6955262170068,2.55875,6.3228089520408535,589007.5454175819,4442320.682601324,589007.7619584143,4442320.003394303,-109.95534465102932,40.12650065000209,daily_etw_r90,-0.9707008955921244,-7.280256716940933
2024-03-03T00:00:00,0.9,20.09625705666851,-621.8626189374999,-614.702526167361,-621.1792631743056,1877.840665335835,-92.4423091842724,93.4423091842724,22912.5,668.1980515339479,2.29125,5.661802056224174,589038.7685820867,4442378.780487162,589038.9852542356,4442378.101192476,-109.95497023655375,40.12702069582863,daily_etw_r90,-0.9707008955921244,-7.280256716940933
2024-03-04T00:00:00,0.9,67.1650442093894,3.3248770833333334,-384.37766321041664,1.1642615791666666,447.05356875730604,-5.656045179745594,6.656045179745595,42987.5,956.690475583124,4.29875,10.622442592119441,589036.6709286935,4442326.96014449,589036.8874925859,4442326.280857031,-109.95500200121018,40.126554114973544,daily_etw_r90,-0.9707008955921244,-7.280256716940933
2024-03-05T00:00:00,0.9,65.0516693603534,3.8221655625,-2067.29655155,1.2034892083333333,2127.3225661395204,-31.702044191290884,32.70204419129089,43962.5,828.406204335662,4.39625,10.86337033919281,588998.5355396763,4442328.451568384,588998.7520935449,4442327.772385942,-109.95544930941989,40.12657158742758,daily_etw_r90,-0.9707008955921244,-7.280256716940933
2024-03-06T00:00:00,0.9,76.17083169165971,4.261971375,-607.1251139020834,0.6397328916666667,678.3942413270764,-7.90622074435557,8.90622074435557,40812.5,902.5483399593929,4.08125,10.084988387109616,589004.7874771404,4442331.979919986,589005.0040404886,4442331.30072021,-109.95537545715092,40.1266027093877,daily_etw_r90,-0.9707008955921244,-7.280256716940933
2024-03-07T00:00:00,0.9,81.45457903293224,-1453.0909575092592,-2266.3294555430557,-1451.8997728449074,5252.774764930155,-63.487163610611105,64.4871636106111,46237.5,990.8326112068556,4.62375,11.425535082364004,589047.5506741122,4442315.560596078,589047.7672180987,4442314.881278954,-109.95487590159647,40.126450274463075,daily_etw_r90,-0.9707008955921244,-7.280256716940933
2024-03-08T00:00:00,0.9,100.41649195495285,3.923183604166667,-159.13837999375002,0.7018717895833334,254.92981655495288,-1.538724581907474,2.538724581907474,40112.5,876.6904755831243,4.01125,9.912014619980019,589153.2362945209,4442322.224807355,589153.452888741,4442321.545198813,-109.95363477635516,40.12649910660874,daily_etw_r90,-0.9707008955921244,-7.280256716940933
2024-03-09T00:00:00,0.9,70.21949198553267,3.262942916666667,-393.71991968958326,0.9430652020833333,459.73340355636594,-5.547090993638702,6.547090993638702,28462.5,859.6194077712586,2.84625,7.033236924180275,589039.4288278943,4442309.522426466,589039.64535655,4442308.843131896,-109.95497204325424,40.12639674214518,daily_etw_r90,-0.9707008955921244,-7.280256716940933
2024-03-10T00:00:00,0.9,71.93804204898038,3.4196170625,-399.40419190833336,0.9187291916666668,467.0038877031471,-5.491751435008179,6.491751435008179,37212.5,794.2640687119306,3.72125,9.195409013300255,589005.7207998768,4442375.133959732,589005.9374531747,4442374.45475604,-109.95535855353555,40.126991346675645,daily_etw_r90,-0.9707008955921244,-7.280256716940933
2024-03-11T00:00:00,0.9,85.92057872728277,4.6622104375,-1022.8362787389584,0.8450698375000001,1103.2495771912413,-11.840341551853644,12.840341551853644,36512.5,773.0508652763341,3.65125,9.022435246170655,589000.9230494663,4442337.003314885,589001.1396219197,4442336.3241255935,-109.9554201130331,40.12664836973068,daily_etw_r90,-0.9707008955921244,-7.280256716940933
2024-03-12T00:00:00,0.9,66.80036079441241,5.575749541666667,-193.04444659166666,0.7985287937500001,253.47052905066238,-2.7944485035156306,3.7944485035156306,26637.5,624.0559159102169,2.66375,6.582269602735251,588986.2162061968,4442361.175817096,588986.4328238309,4442360.496667509,-109.95558936340308,40.126867674827146,daily_etw_r90,-0.9707008955921244,-7.280256716940933
2024-03-13T00:00:00,0.9,28.79456931849347,6.212217166666666,-1444.76765998125,7.212893108333333,1460.1371190247435,-49.70876743716262,50.70876743716262,25037.5,693.5533905932757,2.50375,6.186900992153312,589013.6786414144,4442318.332113873,589013.8951794774,4442317.652890023,-109.95527300266593,40.12647882726807,daily_etw_r90,-0.9707008955921244,-7.280256716940933
2024-03-14T00:00:00,0.9,59.806962145833324,4.711470875,34.796179625,1.3760898666666666,18.92322177916666,0.6835950013139898,0.3164049986860103,18412.5,725.4772721475272,1.84125,4.549827838962471,589094.9391467021,4442378.286715656,589095.1558369972,4442377.607266504,-109.95431114605766,40.1270102974888,daily_etw_r90,-0.9707008955921244,-7.280256716940933
2024-03-15T00:00:00,0.9,78.46852435416666,5.537686854166666,-807.0833316979166,0.9567135729166667,879.057455625,-10.202676013854749,11.202676013854749,43762.5,888.406204335662,4.37625,10.813949262870068,589029.8071543012,4442363.058851131,589030.02379076,4442362.379581543,-109.95507756716728,40.12688002268554,daily_etw_r90,-0.9707008955921244,-7.280256716940933
2024-03-16T00:00:00,0.9,108.812268625,5.253919458333333,-176.80856176666668,1.0562283645833332,279.31068256875005,-1.5669043215277418,2.5669043215277423,22212.5,568.7005768508891,2.22125,5.488828289094576,588991.858403989,4442359.138070341,588992.07501932,4442358.458905295,-109.95552343360536,40.12684872141352,daily_etw_r90,-0.9707008955921244,-7.280256716940933
2024-03-17T00:00:00,0.9,96.22493787499998,4.963264729166666,-187.68674490000004,0.7768735125,278.17154453333336,-1.8908467043614956,2.8908467043614956,25137.5,719.6194077712584,2.51375,6.211611530314683,589099.1305196438,4442380.264439674,589099.3472154671,4442379.584978953,-109.95426168749638,40.12702766886504,daily_etw_r90,-0.9707008955921244,-7.280256716940933
2024-03-18T00:00:00,0.9,92.423115,4.473815583333334,-395.6048821669583,0.8406902354166667,482.7134913482083,-4.222865420065189,5.222865420065189,34962.5,814.7665940288724,3.49625,8.639421904669403,589065.5893268856,4442330.244779299,589065.8059075413,4442329.565412083,-109.95466219433217,40.12658064043802,daily_etw_r90,-0.9707008955921244,-7.280256716940933
2024-03-19T00:00:00,0.9,92.46452091666667,4.398627520833333,-604.9810924260415,1.0979493041666666,691.9490365177081,-6.483400440059867,7.483400440059866,21662.5,593.5533905932754,2.16625,5.352920329207034,589010.1900747366,4442381.646157043,589010.4067430842,4442380.966940861,-109.95530520871215,40.12704953608811,daily_etw_r90,-0.9707008955921244,-7.280256716940933
2024-03-20T00:00:00,0.9,88.91914827083333,4.369315958333334,26.614396062500003,0.55388273125,57.381553518749996,0.3546772024404117,0.6453227975595883,35112.5,819.6194077712586,3.51125,8.67648771191146,589072.015974844,4442330.715540119,589072.2325586865,4442330.036155187,-109.95458671346766,40.12658420029204,daily_etw_r90,-0.9707008955921244,-7.280256716940933
2024-03-21T00:00:00,0.9,78.24846916666667,4.804466354166666,-178.45265494791667,0.6505663458333334,251.24609141458333,-2.2108754853649266,3.2108754853649266,27912.5,732.3401871576791,2.79125,6.897328964292734,589037.6331348317,4442347.2982553635,589037.8497412613,4442346.618964681,-109.95498790412204,40.12673722088462,daily_etw_r90,-0.9707008955921244,-7.280256716940933
2024-03-22T00:00:00,0.9,90.17841945833334,4.848297812499999,-392.94848402229167,1.1255296520833333,477.15307601604167,-4.291211343934774,5.291211343934774,37287.5,914.4722215136449,3.72875,9.213941916921282,589014.3294505269,4442307.191513133,589014.5459656816,4442306.512287827,-109.95526690198554,40.12637840267089,daily_etw_r90,-0.9707008955921244,-7.280256716940933
2024-03-23T00:00:00,0.9,64.75478145833334,6.602064875000001,-1223.4649022729166,1.1212890541666667,1280.4963298020832,-18.77454484385871,19.77454484385871,49437.5,966.8986283848379,4.94375,12.216272303527882,589023.1878702501,4442343.6165897595,589023.4044640819,4442342.937338955,-109.9551579257005,40.1267055856684,daily_etw_r90,-0.9707008955921244,-7.280256716940933
2024-03-24T00:00:00,0.9,37.141919979166666,6.2352108125,-599.1137814958333,0.7416649729166668,629.2788256895833,-15.942549713169193,16.942549713169193,51512.5,1000.1219330881997,5.15125,12.729015970376334,589079.6736426854,4442289.108641892,589079.8901429144,4442288.429236865,-109.9545025941851,40.12620858981192,daily_etw_r90,-0.9707008955921244,-7.280256716940933
2024-03-25T00:00:00,0.9,107.38615902083332,4.6560846666666675,-1857.2404632997916,3.2987758708333335,1956.6717617831248,-17.220893452418977,18.220893452418977,51212.5,1044.974746830586,5.12125,12.654884355892221,589088.1246919106,4442277.73479074,589088.3411714938,4442277.055362663,-109.95440499266365,40.126105237592064,daily_etw_r90,-0.9707008955921244,-7.280256716940933
2024-03-26T00:00:00,0.9,78.18131451041667,4.700937302083333,-2673.650965075,-199.86919737500003,2947.0005396583333,-36.694435788306976,37.694435788306976,52887.5,951.3351365237968,5.28875,13.068785870095189,589011.0975637966,4442331.865543683,589011.3141290753,4442331.186326531,-109.95530142481981,40.12660101107049,daily_etw_r90,-0.9707008955921244,-7.280256716940933
2024-03-27T00:00:00,0.9,105.79341420833335,3.9009078958333334,-179.53006220541667,0.6708205458333333,280.75174797208336,-1.6537733948089988,2.653773394808999,65812.5,1273.4671708797584,6.58125,16.262622927452416,589063.0898559875,4442322.266390329,589063.3064192372,4442321.587030203,-109.954692626266,40.12650903505905,daily_etw_r90,-0.9707008955921244,-7.280256716940933
2024-03-28T00:00:00,0.9,45.54378058333333,5.032728125,-1237.0029089124998,0.7534721104166667,1276.7604892604165,-27.033695773768173,28.033695773768173,31137.5,786.4823227814103,3.11375,7.694243819996954,589022.4842833972,4442335.724862974,589022.7008606038,4442335.045614341,-109.955167270731,40.12663457067002,daily_etw_r90,-0.9707008955921244,-7.280256716940933
2024-03-29T00:00:00,0.9,70.13298596041666,-826.5280399472223,-3093.199941903889,-824.237252586111,4814.098220397639,-67.64242487999492,68.64242487999492,17762.5,559.2031021678306,1.77625,4.389209340913558,589140.5985027972,4442322.859693101,589140.8150939776,4442322.180119376,-109.9537829913294,40.12650616567917,daily_etw_r90,-0.9707008955921244,-7.280256716940933
2024-03-30T00:00:00,0.9,56.799741816666675,-3118.8377600171566,-3933.2344852605397,-3123.4480459621323,10232.320033056496,-179.1472983113814,180.1472983113814,28862.5,672.3401871576792,2.88625,7.13207907682576,589005.8840332512,4442345.532115542,589006.1006251234,4442344.852912324,-109.95536072028197,40.12672467289988,daily_etw_r90,-0.9707008955921244,-7.280256716940933
2024-03-31T00:00:00,0.9,55.59879874999999,7.182441020833334,-1628.7577213125003,2.20627643125,1674.967802610417,-29.125971068941794,30.125971068941794,53112.5,963.7615433949892,5.31125,13.124384580958274,589057.6753741632,4442312.164781208,589057.8919145965,4442311.485436266,-109.95475755831615,40.12641861225131,daily_etw_r90,-0.9707008955921244,-7.280256716940933
2024-04-01T00:00:00,0.9,120.79445683333331,6.115747375000001,-1007.0028251333333,1.506888810416667,1120.1746457812499,-8.273394451591566,9.273394451591564,26037.5,671.1269837220825,2.60375,6.434006373767024,589001.9358527336,4442310.945286447,589002.152371407,4442310.26609519,-109.9554118212493,40.12641352906879,daily_etw_r90,-0.9707008955921244,-7.280256716940933
2024-04-02T00:00:00,0.9,122.99297666666666,5.131341583333334,42.895513808333334,0.98550226875,73.98061900625,0.3984972068222161,0.6015027931777839,31362.5,747.1930009000653,3.13625,7.74984253086004,589066.8030645688,4442310.498142846,589067.0196046949,4442309.818772786,-109.95465067627424,40.12640263213547,daily_etw_r90,-0.9707008955921244,-7.280256716940933
2024-04-03T00:00:00,0.9,124.1494675,5.595049875000001,-384.8129310600625,1.718022275,501.64932641006254,-3.0406885064574483,4.040688506457449,46437.5,1034.9747468305864,4.64375,11.474956158686746,589037.001683994,4442336.958171312,589037.2182687493,4442336.278882659,-109.95499674058465,40.126644143208146,daily_etw_r90,-0.9707008955921244,-7.280256716940933
2024-04-04T00:00:00,0.9,108.857212625,4.5269853541666665,-565.8081998604166,2.289755358333333,667.8486717729166,-5.135088853262989,6.135088853262989,36712.5,865.979797464469,3.67125,9.071856322493398,589065.330991938,4442248.417794002,589065.5474028134,4442247.738429585,-109.95467651748929,40.125843561876906,daily_etw_r90,-0.9707008955921244,-7.280256716940933
2024-04-05T00:00:00,0.9,89.15146881250001,3.8965730416666666,-559.2196818541667,1.1011823041666666,643.3733953208334,-6.216632590473096,7.216632590473096,44687.5,962.0458146424522,4.46875,11.042521740862751,589044.5167776258,4442288.464669417,589044.7332643431,4442287.785361399,-109.95491524214327,40.12620651285838,daily_etw_r90,-0.9707008955921244,-7.280256716940933
2024-04-06T00:00:00,0.9,123.94986104166667,3.488003104166667,50.234942708333335,0.7369454562500001,69.48996977291667,0.4393703293498885,0.5606296706501115,8137.5,391.42135623730996,0.81375,2.010820042881581,589002.0179150191,4442334.1597171975,589002.2344819425,4442333.480524981,-109.95540765703775,40.12662263840785,daily_etw_r90,-0.9707008955921244,-7.280256716940933
2024-04-07T00:00:00,0.9,129.11290229166664,3.16280725,48.064578865625,0.8136133062500001,77.07190286979164,0.40306583229237725,0.5969341677076228,14512.5,482.13203435596495,1.45125,3.586116850668994,589002.7086730258,4442337.213321202,589002.9252465299,4442336.534126989,-109.95539912998179,40.12665007247112,daily_etw_r90,-0.9707008955921244,-7.280256716940933
2024-04-08T00:00:00,0.9,107.20042333333333,3.0400495833333334,-804.5015968835418,1.448193320833333,907.2137773127084,-7.462781667305372,8.462781667305373,57537.5,1079.116882454317,5.75375,14.217825894598949,589006.375266059,4442312.89712592,589006.5917903174,4442312.217922366,-109.95535945624687,40.12643064149772,daily_etw_r90,-0.9707008955921244,-7.280256716940933
2024-04-09T00:00:00,0.9,124.33492654166668,3.882728416666667,-582.1714542854166,1.0407339729166667,701.5829184375,-4.642685751717464,5.642685751717464,42012.5,906.690475583124,4.20125,10.381514845046071,589026.6547122437,4442346.493169061,589026.8713132372,4442345.813908626,-109.95511684588122,40.12673113111198,daily_etw_r90,-0.9707008955921244,-7.280256716940933
2024-04-10T00:00:00,0.9,128.2998245625,4.34163125,-982.2259579329167,1.4673865854166668,1104.71676466,-7.610430828156341,8.61043082815634,60862.5,1101.0407640085675,6.08625,15.03945128846454,589058.0592316953,4442372.740808692,589058.2758978993,4442372.061461112,-109.95474469516377,40.12696424666692,daily_etw_r90,-0.9707008955921244,-7.280256716940933
2024-04-11T00:00:00,0.9,130.05894447916668,3.765223729166667,-594.0849992475,1.686620964583333,718.6920990329168,-4.525895215519294,5.525895215519295,29037.5,644.055915910217,2.90375,7.1753225186081595,588986.543974192,4442334.792167215,588986.7605371118,4442334.113017597,-109.95558915473157,40.12662997344888,daily_etw_r90,-0.9707008955921244,-7.280256716940933
2024-04-12T00:00:00,0.9,120.10063889583334,4.247066333333334,-364.0909193087917,1.5119381520833333,478.4325537192084,-2.9835970742351035,3.9835970742351035,27637.5,753.0508652763343,2.76375,6.829374984348963,589044.6864003749,4442277.5884096855,589044.9028645837,4442276.909101499,-109.95491475215876,40.12610852041605,daily_etw_r90,-0.9707008955921244,-7.280256716940933
2024-04-13T00:00:00,0.9,139.73745583333334,4.320327250000001,-562.3918862333333,2.1381395583333336,695.6708752583332,-3.9784137768192145,4.978413776819215,33387.5,769.4112549695449,3.33875,8.250230928627806,589021.9677363822,4442302.629708258,589022.1842447012,4442301.950462029,-109.95517789712089,40.126336500759486,daily_etw_r90,-0.9707008955921244,-7.280256716940933
2024-04-14T00:00:00,0.9,137.98465670833332,3.789574875,-144.11879421458335,1.6056101083333332,276.7082659395833,-1.0053553238493658,2.0053553238493658,14062.5,492.84271247462016,1.40625,3.474919428942824,589006.0573551961,4442266.8722244445,589006.2737837484,4442266.193023204,-109.95536953381864,40.126016077999054,daily_etw_r90,-0.9707008955921244,-7.280256716940933
2024-04-15T00:00:00,0.9,94.00748335416667,6.466713270833334,-561.8679676666668,1.5523705041666667,647.8563672458334,-5.8915403766855405,6.8915403766855405,49412.5,1026.187950266183,4.94125,12.210094668987539,588963.7968126176,4442342.434741716,588964.0133836142,4442341.755654479,-109.9558550366207,40.12670122576366,daily_etw_r90,-0.9707008955921244,-7.280256716940933
2024-04-16T00:00:00,0.9,162.31954166666665,6.360325020833333,136.76638270833334,2.03654084375,17.15629309374998,0.8943054365630141,0.10569456343698594,8862.5,404.35028842544455,0.88625,2.1899714445515217,589000.432510083,4442333.061828482,589000.6490741803,4442332.382640667,-109.95542641297398,40.12661291633421,daily_etw_r90,-0.9707008955921244,-7.280256716940933
2024-04-17T00:00:00,0.9,163.54236691552546,6.299496333333333,148.3573926875,2.5097027395833336,6.375775155108784,0.9610145354053603,0.03898546459463964,9912.5,419.705627484772,0.99125,2.4494320952459194,588999.8344875117,4442346.663578424,589000.0510796595,4442345.984391824,-109.95543155507542,40.12673550562396,daily_etw_r90,-0.9707008955921244,-7.280256716940933
2024-04-18T00:00:00,0.9,159.11708864016853,3.9421266041666665,-117.89366858333334,3.5787721520833338,269.48985846725185,-0.6936575497348568,1.6936575497348567,18137.5,633.5533905932755,1.81375,4.4818738590187,588995.8874024181,4442328.877935959,588996.1039562618,4442328.198760796,-109.95548032618686,40.1265757084966,daily_etw_r90,-0.9707008955921244,-7.280256716940933
2024-04-19T00:00:00,0.9,98.14737832183486,4.001314083333333,-803.7306965937502,2.4841835541666666,895.392577278085,-8.122939324390359,9.122939324390359,37237.5,761.8376618407377,3.72375,9.201586647840598,589008.4458032213,4442362.315500711,589008.6624308282,4442361.6362899225,-109.95532834357208,40.126875588186685,daily_etw_r90,-0.9707008955921244,-7.280256716940933
2024-04-20T00:00:00,0.9,165.20715164992342,4.334318333333333,63.22441169583334,3.6265509604166666,94.02187066034008,0.4308849845703174,0.5691150154296827,38362.5,808.1980515339478,3.83625,9.479580202156024,589081.6008992386,4442326.429942488,589081.8174774954,4442325.750531253,-109.9544748271019,40.12654457971976,daily_etw_r90,-0.9707008955921244,-7.280256716940933
2024-04-21T00:00:00,0.9,155.99851271395434,4.980594895833334,92.71953137500002,2.94632194375,55.352064499371,0.645175690867855,0.3548243091321451,36712.5,770.1219330882,3.67125,9.071856322493398,589064.7947304472,4442306.032707175,589065.0112606194,4442305.353342765,-109.95467485996332,40.12636261977591,daily_etw_r90,-0.9707008955921244,-7.280256716940933
2024-04-22T00:00:00,0.9,168.15721500496025,5.236687770833334,155.91403362729167,3.117315741666667,3.8891778651685627,0.9768717752309716,0.02312822476902844,13612.5,521.6295090390238,1.36125,3.363722007216653,589000.1994457997,4442346.479114565,589000.4160376898,4442345.799926967,-109.95542729776244,40.12673380532199,daily_etw_r90,-0.9707008955921244,-7.280256716940933
2024-04-23T00:00:00,0.9,148.52743717820144,6.392130916666666,-1183.5893313708332,3.534047704166667,1322.1905899282012,-7.901995584437729,8.901995584437728,32737.5,1061.7514421272235,3.27375,8.089612430578894,589111.0072610127,4442362.867822007,589111.2239248601,4442362.188328988,-109.95412471650152,40.12686969968949,daily_etw_r90,-0.9707008955921244,-7.280256716940933
2024-04-24T00:00:00,0.9,160.7487648557534,5.8092828125,-114.91524370833334,3.2376355875,266.61709016408673,-0.6585949534563045,1.6585949534563045,23562.5,790.8326112068548,2.35625,5.822420554273087,589135.2797267456,4442401.908624884,589135.496479704,4442401.229064349,-109.95383448921028,40.12721881022506,daily_etw_r90,-0.9707008955921244,-7.280256716940933
2024-04-25T00:00:00,0.9,113.23460380879955,6.4176198125,-117.20094564166668,3.5257745041666673,220.49215513379954,-0.947215318615041,1.947215318615041,16637.5,511.6295090390239,1.66375,4.111215786598132,588994.1937970247,4442363.872469599,588994.4104229911,4442363.193297974,-109.95549537513146,40.12689112218493,daily_etw_r90,-0.9707008955921244,-7.280256716940933
2024-04-26T00:00:00,0.9,71.10883610217205,9.401591458333334,46.46453812916667,8.271097208333332,6.971609306338721,0.9019586075586776,0.09804139244132234,27062.5,687.6955262170064,2.70625,6.687289389921078,589029.1084697288,4442373.072171419,589029.3251267324,4442372.392903461,-109.95508438491403,40.126970297692,daily_etw_r90,-0.9707008955921244,-7.280256716940933
2024-04-27T00:00:00,0.9,106.48982599397755,-197.50767054861106,-2439.1042405416665,-403.0805949138889,3146.182331998144,-28.54444053816065,29.54444053816065,41512.5,1017.9036790187209,4.15125,10.257962154239216,589031.4222242122,4442366.351215721,589031.6388680565,4442365.671941594,-109.95505816027246,40.12690950962458,daily_etw_r90,-0.9707008955921244,-7.280256716940933
2024-04-28T00:00:00,0.9,175.4339737863821,7.426856145833333,130.938608625,5.279859924999999,31.788649090548773,0.8187999256674403,0.18120007433255975,34612.5,916.6904755831243,3.46125,8.552935021104604,589041.8850097843,4442328.34704408,589042.1015783485,4442327.667742217,-109.95494062331207,40.12656605613781,daily_etw_r90,-0.9707008955921244,-7.280256716940933
2024-04-29T00:00:00,0.9,103.3211282780684,7.099766416666667,62.78216055000001,2.606434329166667,30.832766982235057,0.7015831370012263,0.2984168629987737,40237.5,820.8326112068551,4.02375,9.942902792681732,589045.3695977853,4442345.604421473,589045.5862033549,4442344.925109538,-109.95489735118845,40.126721143338045,daily_etw_r90,-0.9707008955921244,-7.280256716940933
2024-04-30T00:00:00,0.9,182.58741532621957,4.6075979375,-71.4920187708333,4.386530408333333,245.08530575121955,-0.3422902411611347,1.3422902411611348,43212.5,1058.1118318204342,4.32125,10.678041302982527,589023.1383751343,4442253.0894254055,589023.3547810046,4442252.410177416,-109.95517099285838,40.12589011275508,daily_etw_r90,-0.9707008955921244,-7.280256716940933
2024-05-01T00:00:00,0.9,179.92847745439644,3.521693708333333,144.81197435416667,2.39325575625,29.201553635646434,0.8377046588245172,0.16229534117548278,9787.5,433.84776310850293,0.97875,2.418543922544205,588997.898189594,4442345.988282346,588998.1147796751,4442345.309101099,-109.95545437046147,40.126729627448256,daily_etw_r90,-0.9707008955921244,-7.280256716940933
2024-05-02T00:00:00,0.9,172.9083223880682,2.9431843333333334,-756.365841675,3.9334036458333337,922.3975760839015,-4.3346048550150815,5.3346048550150815,55312.5,1135.1828996322974,5.53125,13.66801642050844,589065.4872924222,4442339.651690864,589065.7038925502,4442338.972323691,-109.95466209356776,40.12666538967043,daily_etw_r90,-0.9707008955921244,-7.280256716940933
2024-05-03T00:00:00,0.9,132.35803329643795,4.012192145833333,-108.82840067500001,2.925150275,234.24909155060465,-0.7698139335899968,1.769813933589997,75662.5,1265.685424949239,7.56625,18.696610936347476,589140.1575704553,4442249.729181086,589140.3740101317,4442249.049609908,-109.95379826563521,40.12584744540922,daily_etw_r90,-0.9707008955921244,-7.280256716940933
2024-05-04T00:00:00,0.9,174.93459265373932,3.5181833749999996,-992.1609411583335,3.280658491666667,1160.296691945406,-5.632745841424659,6.632745841424659,34262.5,938.6143571373757,3.42625,8.466448137539803,589061.8202007379,4442286.78327218,589062.0366899609,4442286.103916468,-109.95471242179008,40.126189533964215,daily_etw_r90,-0.9707008955921244,-7.280256716940933
2024-05-05T00:00:00,0.9,146.65517561027664,6.081857375000001,158.22548325,6.754456120833333,-24.40662113555669,1.1664218193050013,-0.16642181930500127,25287.5,731.1269837220825,2.52875,6.24867733755674,589055.811378008,4442282.237193598,589056.02785572,4442281.557854584,-109.9547835614228,40.12614921888267,daily_etw_r90,-0.9707008955921244,-7.280256716940933
2024-05-06T00:00:00,0.9,177.01330124783246,4.2299734375,124.17469072916667,1.79659825,46.81203883116578,0.7355450776796414,0.26445492232035867,9462.5,427.2792206135789,0.94625,2.338234673519749,588998.0737610868,4442325.278473285,588998.2903082046,4442324.599292216,-109.95545516587853,40.126543052733915,daily_etw_r90,-0.9707008955921244,-7.280256716940933
2024-05-07T00:00:00,0.9,185.50331975414142,4.033422270833333,-511.9648230791667,1.9804368312500003,691.4542837312248,-2.727449646980174,3.7274496469801743,62337.5,1088.6143571373743,6.23375,15.403931726344766,588998.8006683293,4442355.963130202,588999.0172794404,4442355.283946154,-109.95544240448304,40.12681938639132,daily_etw_r90,-0.9707008955921244,-7.280256716940933
2024-05-08T00:00:00,0.9,100.06915808978094,3.168063479166667,-358.5845037541667,2.4956926875,452.989905677281,-3.5267684301976785,4.526768430197679,36162.5,975.979797464469,3.61625,8.935948362605856,589118.6484522244,4442336.63555714,589118.8650643687,4442335.956043623,-109.95403866988877,40.12663258691381,daily_etw_r90,-0.9707008955921244,-7.280256716940933
2024-05-09T00:00:00,0.9,137.53520577214323,-202.25112938888887,-379.20861027083333,-203.16310634097226,922.1580517728378,-5.704887280283651,6.704887280283652,24262.5,744.7665940288724,2.42625,5.995394321402685,589083.7211293115,4442367.6055503385,589083.93779364,4442366.926132292,-109.95444426318089,40.126915269142756,daily_etw_r90,-0.9707008955921244,-7.280256716940933
2024-05-10T00:00:00,0.9,152.8597532482742,6.2844471041666665,-566.8615799083333,3.1406130125,710.2962730399407,-3.646718694398783,4.646718694398783,27537.5,839.6194077712587,2.75375,6.804664446187592,589059.4945036973,4442351.688981557,589059.7111267324,4442351.009630576,-109.95473075726406,40.12677445762328,daily_etw_r90,-0.9707008955921244,-7.280256716940933
2024-05-11T00:00:00,0.9,161.47085886611464,6.142103479166667,72.67036,2.5490437145833336,80.10935167236464,0.5038773421104535,0.4961226578895465,39487.5,873.0508652763343,3.94875,9.757573756471448,589073.1695225494,4442326.14288077,589073.3860973094,4442325.463492773,-109.95457380779746,40.12654288710216,daily_etw_r90,-0.9707008955921244,-7.280256716940933
2024-05-12T00:00:00,0.9,182.05517549929996,6.313732145833334,-747.0098971025,4.856929535416666,917.89441092055,-4.041847387217396,5.041847387217396,34512.5,756.6904755831235,3.45125,8.528224482943232,588991.4744727197,4442383.4631115375,588991.6911384604,4442382.783946758,-109.95552458495834,40.12706788456304,daily_etw_r90,-0.9707008955921244,-7.280256716940933
2024-05-13T00:00:00,0.9,167.22451851940832,6.514302104166667,-306.2874107916667,4.396716602083333,462.600910604825,-1.766346195525956,2.7663461955259563,44087.5,949.1168824543173,4.40875,10.894258511894524,589035.016007708,4442294.313266779,589035.2325032747,4442293.633984808,-109.95502592507493,40.12626020375651,daily_etw_r90,-0.9707008955921244,-7.280256716940933
2024-05-14T00:00:00,0.9,186.51892680817946,6.440889208333334,-458.47118185625,3.415418010416667,635.1338014456794,-2.4051975974473963,3.4051975974473963,60287.5,1266.6042558696056,6.02875,14.897365694036656,589089.703646731,4442294.435764351,589089.9201614724,4442293.75633153,-109.95438415869974,40.12625551437103,daily_etw_r90,-0.9707008955921244,-7.280256716940933
2024-05-15T00:00:00,0.9,152.9047502139047,5.6692735,-983.6200908458333,6.2245011916666675,1124.6310663680713,-6.355108751002039,7.355108751002039,35687.5,801.8376618407376,3.56875,8.818573306339344,589061.146410135,4442385.795099198,589061.3631044675,4442385.115742791,-109.95470666591099,40.12708151403644,daily_etw_r90,-0.9707008955921244,-7.280256716940933
2024-05-16T00:00:00,0.9,186.706405746194,5.320034020833334,123.01763158333334,2.965655954166666,55.40308418786066,0.7032609354433462,0.2967390645566538,36462.5,815.7716446627551,3.64625,9.01007997708997,589044.1210516634,4442314.081028138,589044.337591396,4442313.401720508,-109.95491635183174,40.126437309583984,daily_etw_r90,-0.9707008955921244,-7.280256716940933
2024-05-17T00:00:00,0.9,166.77865995491092,5.842074187500001,150.25254277291666,3.471408191666667,7.212634802827608,0.9567532512566203,0.04324674874337978,24762.5,681.1269837220823,2.47625,6.118947012209541,589008.5071478568,4442329.2530003395,589008.7237068193,4442328.573790402,-109.95533218332936,40.12657775124148,daily_etw_r90,-0.9707008955921244,-7.280256716940933
2024-05-18T00:00:00,0.9,154.5028183808142,5.8147519375,156.82732358333334,4.3552692395833335,-12.494526379602462,1.0808692456910807,-0.08086924569108056,29687.5,724.7665940288724,2.96875,7.335941016657072,589013.2746846313,4442321.097507099,589013.4912282992,4442320.4182842765,-109.95527736165147,40.126503780985686,daily_etw_r90,-0.9707008955921244,-7.280256716940933
2024-05-19T00:00:00,0.9,140.9464538316971,7.354316041666666,-926.2541614333331,7.6484189166666665,1052.1978803066968,-6.465231310914121,7.46523131091412,46662.5,926.6904755831241,4.66625,11.530554869549832,589035.1466992842,4442332.708182823,589035.3632745814,4442332.028899401,-109.9550190949034,40.12660605530805,daily_etw_r90,-0.9707008955921244,-7.280256716940933
2024-05-20T00:00:00,0.9,134.78896690493056,7.472678187500001,-114.29968277708326,5.058739772916667,236.55723172159716,-0.7550192508593515,1.7550192508593516,30812.5,689.4112549695448,3.08125,7.613934570972498,589151.8402926162,4442328.546867976,589152.0568994358,4442327.867263174,-109.95365028496813,40.1265562043857,daily_etw_r90,-0.9707008955921244,-7.280256716940933
2024-05-21T00:00:00,0.9,141.55376942085317,3.212819958333333,-535.70038945,3.6693945666666665,670.3719443458532,-3.7358113251846508,4.735811325184651,45312.5,928.4062043356622,4.53125,11.19696260437132,589086.3101776742,4442290.643514361,589086.5266833814,4442289.96409099,-109.95442450386676,40.12622171295557,daily_etw_r90,-0.9707008955921244,-7.280256716940933
2024-05-22T00:00:00,0.9,177.39946322385103,3.162027395833333,-321.0889171041667,4.047310833333333,491.27904209885105,-1.7693378163096913,2.7693378163096916,35162.5,785.979797464469,3.51625,8.688842980992145,589007.1353512731,4442227.098362085,589007.351697585,4442226.4191591125,-109.95536236863725,40.125657676725226,daily_etw_r90,-0.9707008955921244,-7.280256716940933
2024-05-23T00:00:00,0.9,156.00052558693278,2.7919357708333337,80.52951518958334,1.45589338125,71.22318124526612,0.5434426840723923,0.4565573159276077,10537.5,437.989898732234,1.05375,2.603872958754489,589000.2414938553,4442351.342839969,589000.4580958626,4442350.6636521015,-109.95542613364012,40.126777613817765,daily_etw_r90,-0.9707008955921244,-7.280256716940933
2024-05-24T00:00:00,0.9,164.25902002211222,4.048751437499999,-175.15138177708332,2.1531947083333334,333.2084556533622,-1.0285549956922082,2.028554995692208,20662.5,629.4112549695444,2.06625,5.1058149475933226,589029.1346059862,4442273.566535129,589029.3510564523,4442272.88726998,-109.95509780401599,40.12607393781327,daily_etw_r90,-0.9707008955921244,-7.280256716940933
2024-05-25T00:00:00,0.9,86.08115577999233,-1657.8543949560183,-2239.7843067200233,-2495.446279981548,6479.166137437582,-74.26811273302538,75.26811273302538,38987.5,1187.6093065034904,3.89875,9.634021065664593,589082.5041649526,4442335.291906567,589082.7207618885,4442334.612492634,-109.95446300424373,40.12662431349452,daily_etw_r90,-0.9707008955921244,-7.280256716940933
2024-05-26T00:00:00,0.9,191.47622172149912,6.984119416666666,-1592.4442177502085,1.8280563937499998,1775.108263661291,-8.270645972131067,9.270645972131067,32537.5,732.3401871576791,3.25375,8.040191354256152,588964.5707020473,4442371.377525029,588964.787333488,4442370.6984346425,-109.95584196557212,40.12696186352565,daily_etw_r90,-0.9707008955921244,-7.280256716940933
2024-05-27T00:00:00,0.9,183.47699303312706,6.245690833333334,-360.4674385833334,2.1873312520833337,535.5114095310438,-1.918684248516959,2.9186842485169593,55287.5,1061.3351365237959,5.52875,13.661838785968097,589024.0367493575,4442325.9140824955,589024.2533067309,4442325.234829877,-109.95515040594924,40.126546029762544,daily_etw_r90,-0.9707008955921244,-7.280256716940933
2024-05-28T00:00:00,0.9,145.28000629664297,6.655535,-160.6539205,1.8336015916666666,297.4447902049763,-1.0473897116829176,2.047389711682918,43412.5,1225.8935777509516,4.34125,10.727462379305267,589081.6751392662,4442344.843033446,589081.8917557148,4442344.163621567,-109.95447141449088,40.12671043885487,daily_etw_r90,-0.9707008955921244,-7.280256716940933
2024-05-29T00:00:00,0.9,152.33888528056784,6.074138916666667,63.156015000000004,1.15647350625,81.95225785765116,0.46203979563906594,0.5379602043609341,35012.5,840.6244584051416,3.50125,8.651777173750087,589041.4965371024,4442331.947330032,589041.7131130043,4442331.2680291375,-109.95494468529512,40.12659852902626,daily_etw_r90,-0.9707008955921244,-7.280256716940933
2024-05-30T00:00:00,0.9,148.60907203878196,4.533548395833333,66.544801875,0.8575544687500001,76.67316729919862,0.48406132783609934,0.5159386721639007,13587.5,467.989898732234,1.35875,3.3575443726763106,589003.0550934501,4442344.929095891,589003.2716830992,4442344.24990048,-109.95539400076598,40.126719540305004,daily_etw_r90,-0.9707008955921244,-7.280256716940933
2024-05-31T00:00:00,0.9,161.12720977491168,5.37745,49.95767847916667,1.9164982979166665,103.87558299782835,0.3553194203329257,0.6446805796670744,38812.5,896.6904755831241,3.88125,9.590777623882193,589076.7642473059,4442322.83971774,589076.9808164552,4442322.160319918,-109.95453208006614,40.126512751038284,daily_etw_r90,-0.9707008955921244,-7.280256716940933
2024-06-01T00:00:00,0.9,164.3902838149556,6.563349,-143.82431183333338,3.0791546666666663,298.5720919816223,-0.816239287704541,1.8162392877045408,21337.5,556.9848480983513,2.13375,5.272611080182577,589018.819246755,4442263.176978734,589019.0356720681,4442262.497742373,-109.95522028550202,40.12598143978724,daily_etw_r90,-0.9707008955921244,-7.280256716940933
2024-06-02T00:00:00,0.9,125.96664402921117,6.9088516874999994,-739.7964266875,2.8773624895833336,855.9768565396278,-5.795266025672083,6.795266025672083,38712.5,1029.6194077712582,3.87125,9.566067085720823,589015.6476154228,4442362.167611502,589015.8642451866,4442361.4883809,-109.95524385123605,40.126873493538746,daily_etw_r90,-0.9707008955921244,-7.280256716940933
2024-06-03T00:00:00,0.9,71.68419146212521,8.518531666666666,107.61899268750001,3.5219340791666665,-47.97526697120813,1.6692586746487357,-0.6692586746487356,13912.5,473.84776310850293,1.39125,3.437853621700767,588997.2386929223,4442352.887194997,588997.4552971085,4442352.208015344,-109.95546115828341,40.126791843383394,daily_etw_r90,-0.9707008955921244,-7.280256716940933
2024-06-04T00:00:00,0.9,191.08827086536186,7.927717749999999,171.84350247916666,1.1962529270833333,10.120797709111883,0.9470360076875527,0.052963992312447354,13762.5,527.989898732234,1.37625,3.40078781445871,588999.1178981368,4442332.623200332,588999.3344608711,4442331.944016152,-109.95544190027357,40.12660910428168,daily_etw_r90,-0.9707008955921244,-7.280256716940933
2024-06-05T00:00:00,0.9,180.6312698034658,7.526759375,157.16075172916666,2.4005507354166666,13.54320796388248,0.9250229045136091,0.07497709548639082,31787.5,731.3351365237961,3.17875,7.854862318045867,589022.4888218229,4442338.76458591,589022.7054053415,4442338.085337174,-109.95516679820231,40.12666195232961,daily_etw_r90,-0.9707008955921244,-7.280256716940933
2024-06-06T00:00:00,0.9,174.37967868560395,6.837173666666668,-531.2898238541667,4.095367464583333,694.7369614085206,-2.984047720727193,3.984047720727193,79437.5,1383.6753236814695,7.94375,19.62943375193924,589075.804665859,4442308.809848952,589076.0212055912,4442308.130454119,-109.95454527690865,40.126386470204565,daily_etw_r90,-0.9707008955921244,-7.280256716940933
2024-06-07T00:00:00,0.9,87.57327133578463,9.392681291666667,92.18710341666667,4.230622629166667,-18.237136001715385,1.2082500256475315,-0.2082500256475315,47487.5,906.187950266183,4.74875,11.734416809381145,589049.5165451394,4442326.728653435,589049.7331129712,4442326.04933059,-109.95485129151925,40.12655066927047,daily_etw_r90,-0.9707008955921244,-7.280256716940933
2024-06-08T00:00:00,0.9,191.02396800086026,10.123693416666667,-244.41276695833335,5.702614791666666,419.61042675086026,-1.1966375797877395,2.1966375797877395,35837.5,993.2590180780484,3.58375,8.8556391135814,589034.2419580198,4442333.063706318,589034.4585337439,4442332.384425377,-109.95502966288849,40.12660935370777,daily_etw_r90,-0.9707008955921244,-7.280256716940933
2024-06-09T00:00:00,0.9,163.27652788961177,8.159492958333333,-94.53559008333328,5.0140330125,244.6385920021117,-0.4983083922969462,1.498308392296946,35712.5,834.2640687119315,3.57125,8.824750940879687,589042.4164837827,4442341.701348752,589042.6330802403,4442341.022045055,-109.95493254415557,40.126686296808835,daily_etw_r90,-0.9707008955921244,-7.280256716940933
2024-06-10T00:00:00,0.9,198.1255923650466,8.265121708333334,211.19405831041664,4.006208354166667,-25.339796007870035,1.1278976416190667,-0.12789764161906675,15912.5,504.55844122715814,1.59125,3.9320643849281907,588998.6932104232,4442336.264516789,588998.9097805768,4442335.585333663,-109.95544638181913,40.126641950595896,daily_etw_r90,-0.9707008955921244,-7.280256716940933
2024-06-11T00:00:00,0.9,197.15655242087328,7.415933833333334,154.11509812291666,4.9016965104166665,30.72382395420661,0.844165341821255,0.155834658178745,29362.5,763.553390593276,2.93625,7.255631767632615,589016.0626567433,4442347.191986051,589016.2792555543,4442346.512754759,-109.95524104622119,40.12673854760703,daily_etw_r90,-0.9707008955921244,-7.280256716940933
2024-06-12T00:00:00,0.9,158.09719244285563,7.957276791666668,-68.25278181249998,6.996231927083333,211.3964655366056,-0.3371297887722772,1.3371297887722773,24987.5,755.9797974644687,2.49875,6.174545723072626,588979.6047351822,4442346.1177590685,588979.8213192584,4442345.438628181,-109.95566902450867,40.12673272997602,daily_etw_r90,-0.9707008955921244,-7.280256716940933
2024-06-13T00:00:00,0.9,181.48430885111716,5.5045265625,-86.01710752083335,5.366198104166666,256.6306917052839,-0.41406545463836175,1.414065454638362,16837.5,532.8427124746202,1.68375,4.1606368629208745,588983.4047312583,4442345.175552011,588983.6213146795,4442344.496410692,-109.95562456182674,40.12672384031514,daily_etw_r90,-0.9707008955921244,-7.280256716940933
2024-06-14T00:00:00,0.9,106.20177944575941,8.357157229166667,-986.0286184583333,4.807604552083333,1079.0656361228428,-9.160523126394086,10.160523126394088,41237.5,962.5483399593934,4.12375,10.190008174295444,589086.2843683214,4442306.468255115,589086.5009068183,4442305.788831443,-109.95442262249355,40.12636426657453,daily_etw_r90,-0.9707008955921244,-7.280256716940933
2024-06-15T00:00:00,0.9,172.50743093872427,8.855519083333332,150.68393710416666,6.996479383333333,5.971495367890952,0.965384126727781,0.03461587327221901,32287.5,765.2691193458137,3.22875,7.978415008852723,589027.5941496209,4442305.851850204,589027.8106665723,4442305.172588366,-109.9551114276516,40.12636493041496,daily_etw_r90,-0.9707008955921244,-7.280256716940933
2024-06-16T00:00:00,0.9,203.06789561911296,5.9181423125,-69.40529345833333,5.233239731249999,261.3218070336963,-0.2868691342714659,1.286869134271466,22012.5,584.5584412271581,2.20125,5.439407212771833,588968.5369513857,4442337.93860844,588968.7535146611,4442337.259508308,-109.95580003135507,40.12666022254919,daily_etw_r90,-0.9707008955921244,-7.280256716940933
2024-06-17T00:00:00,0.9,183.46181856827243,5.941274616666667,18.16977827083332,5.930911900000001,153.41985378077246,0.16375050145008968,0.8362494985499104,21537.5,645.9797974644684,2.15375,5.32203215650532,589026.98825694,4442242.1889519505,589027.2046415228,4442241.509693647,-109.95512731895862,40.12579151251735,daily_etw_r90,-0.9707008955921244,-7.280256716940933
2024-06-18T00:00:00,0.9,198.29494079529363,1.7926567395833333,-126.86972763750002,4.008216127083334,319.363795566127,-0.610549388124918,1.610549388124918,40387.5,962.0458146424514,4.03875,9.97996859992379,589106.0942467675,4442415.0615456095,589106.3110170428,4442414.382064997,-109.9541751642986,40.127340386688935,daily_etw_r90,-0.9707008955921244,-7.280256716940933
2024-06-19T00:00:00,0.9,187.16747719717844,2.688914270833333,-546.3384630479168,3.8478877812500003,726.9691381930119,-2.8840569370241584,3.884056937024158,35012.5,775.9797974644688,3.50125,8.651777173750087,589036.8260325209,4442392.283668241,589037.0427320275,4442391.604378519,-109.95499116943346,40.12714253958703,daily_etw_r90,-0.9707008955921244,-7.280256716940933
2024-06-20T00:00:00,0.9,195.0550043034077,5.5872127916666665,-1187.4665390416667,2.763913252083333,1374.1704173013245,-6.0450405628342905,7.0450405628342905,24512.5,726.9848480983514,2.45125,6.057170666806113,589132.9047565603,4442330.294190942,589133.1213604794,4442329.614638278,-109.95387224963143,40.1265739520394,daily_etw_r90,-0.9707008955921244,-7.280256716940933
2024-06-21T00:00:00,0.9,124.66071137274729,11.978732291666667,-2239.35374315625,5.19523651875,2346.8404857185806,-17.82582298685354,18.82582298685354,45112.5,893.2590180780479,4.51125,11.147541528048578,589114.1903800424,4442348.298035843,589114.4070148056,4442347.618534365,-109.95408937455724,40.126738116216934,daily_etw_r90,-0.9707008955921244,-7.280256716940933
2024-06-22T00:00:00,0.9,181.98707024172168,11.272920104166667,-2437.8215685749997,6.678425764583333,2601.857292947971,-13.296934883846925,14.296934883846923,54212.5,968.4062043356621,5.42125,13.396200500733357,589033.754680708,4442343.453545551,589033.9712778288,4442342.774265656,-109.95503394777033,40.12670299805498,daily_etw_r90,-0.9707008955921244,-7.280256716940933
2024-06-23T00:00:00,0.9,207.13124165743633,10.962763791666665,-719.6242310791667,5.985557089583334,909.8071518553531,-3.3924187610483028,4.392418761048303,27612.5,727.1930009000654,2.76125,6.82319734980862,589103.5875530387,4442261.125575062,589103.8040035777,4442260.446104669,-109.95422583217322,40.125953981550076,daily_etw_r90,-0.9707008955921244,-7.280256716940933
2024-06-24T00:00:00,0.9,156.20641479522553,9.838935104166668,-693.9400672916667,8.995674110416667,831.3118728723089,-4.321880499991592,5.321880499991592,54912.5,1110.832611206853,5.49125,13.569174267862955,589084.9802475084,4442355.583251931,589085.1968873512,4442354.903830701,-109.9544311469417,40.126806837648985,daily_etw_r90,-0.9707008955921244,-7.280256716940933
2024-06-25T00:00:00,0.9,169.45190669403848,8.688976250000001,-537.7385678104166,6.074616345833334,692.4268819086218,-3.0862737718193065,4.0862737718193065,57162.5,1046.6904755831238,5.71625,14.125161376493807,589067.4114989225,4442339.254346412,589067.6280988879,4442338.574973948,-109.95463956805459,40.12666160651469,daily_etw_r90,-0.9707008955921244,-7.280256716940933
2024-06-26T00:00:00,0.9,149.75784035660627,12.27803665625,-525.4368717708334,10.396959910416667,652.519715560773,-3.357165634914208,4.3571656349142085,24362.5,698.198051533948,2.43625,6.020104859564056,589012.1325217582,4442342.191903869,589012.3491088381,4442341.512683548,-109.95528785555824,40.12669392243179,daily_etw_r90,-0.9707008955921244,-7.280256716940933
2024-06-27T00:00:00,0.9,126.65994544882317,17.044257083333335,-1748.3915371875,16.099072666666668,1841.9081528863233,-13.542151793603484,14.542151793603484,47212.5,924.9747468305862,4.72125,11.666462829437373,589039.8657963461,4442337.939777771,589040.0823841215,4442337.260481203,-109.95496299513535,40.126652682313285,daily_etw_r90,-0.9707008955921244,-7.280256716940933
2024-06-28T00:00:00,0.9,163.4041842088793,13.218959458333336,-926.1747626104167,9.0026801875,1067.3573071734627,-5.532007196395055,6.532007196395055,60212.5,1083.2590180780476,6.02125,14.878832790415627,589030.7804148843,4442329.575504655,589030.9969821789,4442328.89623335,-109.955070764853,40.126578298175275,daily_etw_r90,-0.9707008955921244,-7.280256716940933
2024-06-29T00:00:00,0.9,173.444269417956,9.769049791666665,-1160.9870696875,7.368844729166667,1317.2934445846229,-6.594909010284364,7.594909010284364,92637.5,1371.7514421272185,9.26375,22.891224789240237,589075.6392335349,4442301.924904457,589075.8557589371,4442301.2455102485,-109.95454816842783,40.126324467444434,daily_etw_r90,-0.9707008955921244,-7.280256716940933
2024-06-30T00:00:00,0.9,175.66397487063136,-197.46945559722224,-490.314178375,-199.5448553041667,1062.9924641470202,-5.051283223722261,6.05128322372226,36637.5,1174.9747468305852,3.66375,9.05332341887237,589061.047802901,4442313.374556605,589061.2643470071,4442312.695202336,-109.9547178164509,40.12642915281397,daily_etw_r90,-0.9707008955921244,-7.280256716940933
2024-07-01T00:00:00,0.9,200.532974367723,8.233275208333334,-387.17370974999994,5.667686425,573.8057224843897,-1.861403339244277,2.8614033392442773,52787.5,1092.9646455628188,5.27875,13.044075331933817,589099.8363650279,4442370.776434905,589100.053041437,4442370.096972451,-109.95425471428234,40.126942125161136,daily_etw_r90,-0.9707008955921244,-7.280256716940933
2024-07-02T00:00:00,0.9,207.60975532727176,4.6606645625,214.05159270833335,4.266033297916667,-15.36853524147827,1.074026074628582,-0.074026074628582,17862.5,521.6295090390236,1.78625,4.413919879074929,589000.0803909894,4442352.197297408,589000.296994716,4442351.518109957,-109.95542790634076,40.12678532791306,daily_etw_r90,-0.9707008955921244,-7.280256716940933
2024-07-03T00:00:00,0.9,194.36249926983783,3.9758857916666663,-9.910052583958324,5.5926084708333335,194.70405759129616,-0.001757326247303143,1.0017573262473032,21562.5,709.6194077712582,2.15625,5.328209791045663,588964.95337774,4442450.792884679,588965.1701744269,4442450.113790463,-109.95582652779801,40.12767720491562,daily_etw_r90,-0.9707008955921244,-7.280256716940933
2024-07-04T00:00:00,0.9,192.8632032229382,2.981014364583334,-642.4331805833334,4.676430262499999,827.6389391791882,-3.2913263149657825,4.291326314965782,33087.5,747.6955262170064,3.30875,8.176099314143693,589038.3695775582,4442366.750412475,589038.5862246065,4442366.071119223,-109.95497657848962,40.12691236993304,daily_etw_r90,-0.9707008955921244,-7.280256716940933
2024-07-05T00:00:00,0.9,189.51920933952113,2.92105668125,-294.9411726458334,5.070851333333334,476.4684739707712,-1.5140906593652166,2.5140906593652166,26712.5,651.1269837220825,2.67125,6.600802506356279,588962.7869279793,4442343.6246225815,588963.0035011037,4442342.945538083,-109.95586672350275,40.12671205119242,daily_etw_r90,-0.9707008955921244,-7.280256716940933
2024-07-06T00:00:00,0.9,182.33939987907175,3.116052420833333,174.42245339583334,4.71965459375,0.08123946865507037,0.9995544601511854,0.0004455398488146211,29287.5,699.4112549695446,2.92875,7.237098864011587,589014.3452842524,4442331.1168329725,589014.5618490932,4442330.437606896,-109.95526341647431,40.12659392277505,daily_etw_r90,-0.9707008955921244,-7.280256716940933
2024-07-07T00:00:00,0.9,190.35745621870282,3.01966125,-742.8755544687501,5.472759695833333,924.7405897416196,-3.8579163018399423,4.857916301839943,40737.5,1049.6194077712585,4.07375,10.066455483488589,589034.6928044937,4442327.73604987,589034.9093693148,4442327.056767839,-109.95502510720478,40.12656131388434,daily_etw_r90,-0.9707008955921244,-7.280256716940933
2024-07-08T00:00:00,0.9,189.75992287771783,4.3185860625000005,-559.4264984583334,3.6862226020833333,741.1816126714679,-2.905891198897086,3.905891198897086,21362.5,808.198051533948,2.13625,5.27878871472292,589168.3064740219,4442327.541504503,589168.523084431,4442326.861854349,-109.9534571954575,40.126545401839415,daily_etw_r90,-0.9707008955921244,-7.280256716940933
2024-07-09T00:00:00,0.9,167.69109761196833,3.887643104166667,-794.5142873333334,2.6359386291666667,955.6818032119684,-4.699061052265187,5.699061052265186,75637.5,1442.167747730642,7.56375,18.690433301807133,589086.0425214692,4442316.900992328,589086.2590815056,4442316.22156908,-109.95442402052268,40.1264582713621,daily_etw_r90,-0.9707008955921244,-7.280256716940933
2024-07-10T00:00:00,0.9,167.63000104525952,3.3459606875,-377.80030004166673,3.25579325625,538.8285471431763,-2.2143920764976577,3.2143920764976577,53862.5,1078.6143571373755,5.38625,13.309713617168557,589048.3949009874,4442333.425313935,589048.6114823273,4442332.745993999,-109.95486352992596,40.126611112274006,daily_etw_r90,-0.9707008955921244,-7.280256716940933
2024-07-11T00:00:00,0.9,151.25398912097475,3.3477639375,42.29411239375,2.4813166812499996,103.13079610847475,0.31816147985366844,0.6818385201463315,36862.5,845.9797974644691,3.68625,9.108922129735456,589063.2898098889,4442330.54793674,589063.506390383,4442329.868575854,-109.95468913703853,40.126583614899054,daily_etw_r90,-0.9707008955921244,-7.280256716940933
2024-07-12T00:00:00,0.9,143.98182875296914,2.9484849583333332,-171.18917983333333,2.144244379166667,310.07827924880246,-1.1535931439015574,2.1535931439015576,23637.5,764.2640687119308,2.36375,5.840953457894115,589009.6421459202,4442400.557021047,589009.8588533526,4442399.877805791,-109.95530903055892,40.12721994511739,daily_etw_r90,-0.9707008955921244,-7.280256716940933
2024-07-13T00:00:00,0.9,133.00426417080473,4.9164564375,-164.41550691666666,2.1285803958333336,290.37473425413805,-1.1831986821207279,2.183198682120728,6387.5,380.20815280171325,0.63875,1.5783856250575847,589070.2965818401,4442405.6547213765,589070.5133204666,4442404.97533932,-109.95459654822928,40.12725944222041,daily_etw_r90,-0.9707008955921244,-7.280256716940933
2024-07-14T00:00:00,0.9,129.00631472028968,6.429565999999999,-119.71389477083335,4.3861504374999996,237.904493053623,-0.8441306037572299,1.8441306037572298,23137.5,618.1980515339479,2.31375,5.717400767087259,588976.6108500046,4442284.081851084,588976.8273041011,4442283.402730554,-109.95571270961813,40.126174220790496,daily_etw_r90,-0.9707008955921244,-7.280256716940933
2024-07-15T00:00:00,0.9,133.49808153794666,8.773436729166667,-947.1514712020834,6.545435039583334,1065.3306809712801,-6.980119779237885,7.980119779237885,51112.5,910.8326112068551,5.11125,12.63017381773085,589052.0864815789,4442341.733868969,589052.3030814226,4442341.054538642,-109.95481906328997,40.126685565606046,daily_etw_r90,-0.9707008955921244,-7.280256716940933
2024-07-16T00:00:00,0.9,179.28542205366216,7.469643156250001,-525.6816528770834,3.3035234999999994,694.1939082744955,-2.872004206045907,3.872004206045907,12737.5,459.91378028648535,1.27375,3.1475047983046553,589106.7060191013,4442400.433111667,589106.9227592859,4442399.753629684,-109.95417000482954,40.12720854745465,daily_etw_r90,-0.9707008955921244,-7.280256716940933
2024-07-17T00:00:00,0.9,182.38925696406181,6.981827312499999,-333.8455493750001,3.0224495562500002,506.23052947031186,-1.7755501497002102,2.77555014970021,29312.5,951.8376618407378,2.93125,7.24327649855193,589029.8643472199,4442355.065736249,589030.0809671072,4442354.386466731,-109.95507799860981,40.126808013824295,daily_etw_r90,-0.9707008955921244,-7.280256716940933
2024-07-18T00:00:00,0.9,137.44655748941545,7.296621291666668,107.02061285416669,2.4948050916666666,20.634518251915438,0.8498724258444634,0.15012757415553657,29237.5,711.3351365237962,2.92375,7.224743594930902,589020.1295273814,4442357.26371638,589020.3461484972,4442356.584473591,-109.9551919327197,40.12682884421767,daily_etw_r90,-0.9707008955921244,-7.280256716940933
2024-07-19T00:00:00,0.9,164.40643884283853,8.016839520833333,-122.83521653125,3.7268089979166668,275.49800685533853,-0.6757130000163561,1.6757130000163563,17762.5,541.6295090390238,1.77625,4.389209340913558,588983.2591877609,4442355.841161552,588983.4757932974,4442355.162020279,-109.95562479929055,40.126819932649816,daily_etw_r90,-0.9707008955921244,-7.280256716940933
2024-07-20T00:00:00,0.9,178.44415940775698,6.718685666666667,-1178.0959070770832,4.06493826875,1345.7564425494236,-6.5416110396433815,7.541611039643382,18812.5,548.7005768508894,1.88125,4.648669991607955,589096.4186521082,4442402.6851640325,589096.6353934592,4442402.00571027,-109.95429041597599,40.12722992438697,daily_etw_r90,-0.9707008955921244,-7.280256716940933
2024-07-21T00:00:00,0.9,175.04136639296712,5.9285353125,-2208.8160195110418,4.5357586125000005,2373.3930919790087,-12.559041162023103,13.559041162023103,15312.5,502.34018715767866,1.53125,3.7838011559599636,589138.8289273806,4442380.2589893695,589139.0456367428,4442379.579419474,-109.95379582953326,40.12702341187824,daily_etw_r90,-0.9707008955921244,-7.280256716940933
2024-07-22T00:00:00,0.9,156.43925514439601,5.4615413125,-550.895074,6.716351,695.156436831896,-3.443618938163923,4.443618938163923,35887.5,946.1879502661825,3.58875,8.867994382662086,589013.998803008,4442330.2707139375,589014.2153659728,4442329.59148884,-109.95526759908353,40.12658633752855,daily_etw_r90,-0.9707008955921244,-7.280256716940933
2024-07-23T00:00:00,0.9,162.11818714549938,5.316322895833333,83.68538708333334,5.7332959812499995,67.3831811850827,0.5843576691083585,0.41564233089164143,40912.5,913.7615433949898,4.09125,10.109698925270989,589040.9825651635,4442336.5567785455,589041.199150453,4442335.877478941,-109.95495008077758,40.12664010584575,daily_etw_r90,-0.9707008955921244,-7.280256716940933
2024-07-24T00:00:00,0.9,159.68667612912714,6.005997624999999,-555.7099333125,4.617868139583334,704.7727436770438,-3.413472437156527,4.4134724371565275,27612.5,930.8326112068551,2.76125,6.82319734980862,589111.4336749655,4442349.864257713,589111.6503120271,4442349.18476379,-109.9541215079634,40.12675251707912,daily_etw_r90,-0.9707008955921244,-7.280256716940933
2024-07-25T00:00:00,0.9,154.23365006967114,8.071147520833334,-55.18780608333333,4.241996164583333,197.1083124675878,-0.27798513734550867,1.2779851373455087,19162.5,760.6244584051415,1.91625,4.735156875172755,588978.805496821,4442331.567419784,588979.0220503798,4442330.888291589,-109.95568040944744,40.12660174356923,daily_etw_r90,-0.9707008955921244,-7.280256716940933
2024-07-26T00:00:00,0.9,177.8149534078307,7.518286687500002,-896.4315767416666,8.0529367875,1058.6753066744973,-4.953803582797412,5.953803582797412,63987.5,1135.1828996322981,6.39875,15.81165560600739,589011.8658369601,4442318.2418075595,589012.0823742119,4442317.562588707,-109.95529428812289,40.12647820569751,daily_etw_r90,-0.9707008955921244,-7.280256716940933
2024-07-27T00:00:00,0.9,121.15543666476908,7.598216375,-963.0570585208334,10.571354495833333,1066.0429243147692,-7.798968941562693,8.798968941562693,47637.5,1069.619407771258,4.76375,11.771482616623201,589034.6338356575,4442341.356369853,589034.8504287264,4442340.6770875985,-109.95502392028378,40.12668401338176,daily_etw_r90,-0.9707008955921244,-7.280256716940933
2024-07-28T00:00:00,0.9,163.9978950340005,5.134028575,-762.2421165833334,6.497333191666667,914.6086498506672,-4.576953592368048,5.576953592368048,31037.5,784.264068711931,3.10375,7.669533281835583,589097.6021051258,4442349.53707999,589097.8187367661,4442348.857624155,-109.95428386523162,40.12675103567431,daily_etw_r90,-0.9707008955921244,-7.280256716940933
2024-07-29T00:00:00,0.9,161.11610311181622,2.3651194749999997,-763.6546605,6.5232636812500004,915.8823804555661,-4.68461105231632,5.684611052316319,28062.5,830.8326112068553,2.80625,6.93439477153479,589107.6216330142,4442327.225044706,589107.8382218761,4442326.545561762,-109.95416936752326,40.12654898477675,daily_etw_r90,-0.9707008955921244,-7.280256716940933
2024-07-30T00:00:00,0.9,165.61235169335075,2.1028215520833333,-932.7176485854169,6.7103341875,1089.5168445391844,-5.578717308214686,6.578717308214687,33362.5,847.1930009000653,3.33625,8.244053294087463,589010.4188262713,4442340.990179433,589010.6354102661,4442340.310963868,-109.95530813132704,40.12668327859677,daily_etw_r90,-0.9707008955921244,-7.280256716940933
2024-07-31T00:00:00,0.9,156.41394831681671,2.6659169625000003,-536.0063059583334,6.5433668562500005,683.2109704564001,-3.367967037521201,4.3679670375212005,35462.5,796.690475583124,3.54625,8.762974595476258,589031.7374439699,4442286.469851301,589031.9539221214,4442285.790578596,-109.9550654803646,40.12618989662481,daily_etw_r90,-0.9707008955921244,-7.280256716940933
2024-08-01T00:00:00,0.9,170.87236061715168,7.379884208333333,-523.9869388125001,8.71736788125,678.7620473400684,-2.97233376356794,3.97233376356794,33662.5,917.1930009000653,3.36625,8.318184908571578,589038.186743185,4442348.755439231,589038.4033528274,4442348.076146985,-109.95498120655611,40.12675028872082,daily_etw_r90,-0.9707008955921244,-7.280256716940933
2024-08-02T00:00:00,0.9,148.93576436765895,7.760861645833333,-550.0343752166666,4.146648320833333,687.0626296176589,-3.6131473695034995,4.6131473695034995,37537.5,976.1879502661832,3.75375,9.27571826232471,589078.7730102817,4442308.08876753,589078.9895495442,4442307.40936453,-109.95451054338527,40.12637966014953,daily_etw_r90,-0.9707008955921244,-7.280256716940933
2024-08-03T00:00:00,0.9,120.03484116316486,8.566420875,-151.08678966666665,2.489689316666667,260.0655206381648,-1.166583619539718,2.1665836195397175,19937.5,588.7005768508893,1.99375,4.926663545923381,589091.005391886,4442257.136178932,589091.2218297803,4442256.456743379,-109.95437403152857,40.125919377949394,daily_etw_r90,-0.9707008955921244,-7.280256716940933
2024-08-04T00:00:00,0.9,69.94198051177337,14.329923541666666,-1623.8623353937498,2.65294074375,1676.8214516201067,-22.974463395954974,23.974463395954974,41337.5,927.1930009000653,4.13375,10.214718712456817,589117.8241469628,4442328.4345341325,589118.0407418413,4442327.755023052,-109.95404947539203,40.1265587986434,daily_etw_r90,-0.9707008955921244,-7.280256716940933
2024-08-05T00:00:00,0.9,125.72404124838083,14.206293125,-169.645720375,2.4534019375,278.7100665608808,-1.2168398644636336,2.2168398644636333,25712.5,651.6295090390238,2.57125,6.353697124742568,588981.2864297199,4442320.881021326,588981.502961921,4442320.201886655,-109.95565276928887,40.126505216808575,daily_etw_r90,-0.9707008955921244,-7.280256716940933
2024-08-06T00:00:00,0.9,101.49264679319327,12.662559791666666,-377.2196062708333,3.03710446875,463.0125888036099,-3.5620308803953904,4.56203088039539,33662.5,862.5483399593927,3.36625,8.318184908571578,589028.904189651,4442308.1729104435,589029.1207118734,4442307.493644927,-109.95509573438076,40.12638570005234,daily_etw_r90,-0.9707008955921244,-7.280256716940933
2024-08-07T00:00:00,0.9,122.47351814539316,14.355525416666667,-771.7674465020833,3.51857500625,876.3668642245599,-6.1555620961601685,7.1555620961601685,43262.5,920.3300858899138,4.32625,10.69039657206321,589088.042925734,4442322.364552829,589088.2594977834,4442321.685123938,-109.95439979193596,40.12650727571676,daily_etw_r90,-0.9707008955921244,-7.280256716940933
2024-08-08T00:00:00,0.9,72.71550115160993,11.135362687499999,-594.2054010416667,2.9459200854166667,652.83961942036,-7.977997938282876,8.977997938282876,26887.5,743.5533905932758,2.68875,6.644045948138679,589137.9406094969,4442343.688688109,589138.1572428694,4442343.009121325,-109.95381130465299,40.1266940771376,daily_etw_r90,-0.9707008955921244,-7.280256716940933
2024-08-09T00:00:00,0.9,90.0212230257914,11.895236645833334,-1209.6636462916667,2.1518920666666665,1285.6377406049583,-13.281496044956182,14.281496044956182,30737.5,786.9848480983518,3.07375,7.59540166735147,589118.0891181838,4442314.657365049,589118.3056846235,4442313.977853518,-109.95404826830915,40.1264346644283,daily_etw_r90,-0.9707008955921244,-7.280256716940933
2024-08-10T00:00:00,0.9,123.05917943053835,15.523915833333334,-548.5203446041666,5.22151389375,650.8340943076216,-4.28878948583425,5.28878948583425,54937.5,1157.4011537017773,5.49375,13.575351902403298,589081.5504256049,4442336.37894673,589081.7670244663,4442335.699535397,-109.9544740462249,40.126634206712765,daily_etw_r90,-0.9707008955921244,-7.280256716940933
2024-08-11T00:00:00,0.9,147.6784080141555,16.275438750000003,-517.8003715625,6.265256477083334,642.9380843495721,-3.3536363439667105,4.35363634396671,41937.5,1069.6194077712582,4.19375,10.362981941425042,589034.2891380525,4442319.738466649,589034.505686137,4442319.0591859585,-109.95503094742922,40.12648931357105,daily_etw_r90,-0.9707008955921244,-7.280256716940933
2024-08-12T00:00:00,0.9,140.8496384493122,-193.22379062500002,-985.066306076389,-202.0818634215278,1521.221598572229,-9.800323063091664,10.800323063091662,54937.5,1093.9696961967024,5.49375,13.575351902403298,589042.9607403554,4442343.083914499,589043.1773398684,4442342.404609266,-109.954925966621,40.12669869346452,daily_etw_r90,-0.9707008955921244,-7.280256716940933
2024-08-13T00:00:00,0.9,101.13531258394546,16.738094166666666,-766.4962160958333,-194.00326210208334,1044.8966966151954,-9.331670214079763,10.331670214079761,28687.5,981.5432893255104,2.86875,7.088835635043361,589077.4181104611,4442325.360067596,589077.6346850595,4442324.680667911,-109.95452405922738,40.126535385334215,daily_etw_r90,-0.9707008955921244,-7.280256716940933
2024-08-14T00:00:00,0.9,142.35468606144047,14.186155833333332,-531.8535817375001,3.16424075,656.8578712156072,-3.6142342720780296,4.61423427207803,35637.5,982.045814642452,3.56375,8.806218037258658,589107.4567278663,4442335.600877295,589107.6733340204,4442334.921394625,-109.95417014628049,40.12662445260083,daily_etw_r90,-0.9707008955921244,-7.280256716940933
2024-08-15T00:00:00,0.9,173.27976837604584,12.558514583333334,-340.33190895416675,5.812433495833332,495.2407292510459,-1.8580412698630309,2.8580412698630306,31887.5,701.1269837220827,3.18875,7.879572856207238,588991.2232706682,4442344.985981734,588991.4398563772,4442344.306818896,-109.95553283817941,40.1267213051419,daily_etw_r90,-0.9707008955921244,-7.280256716940933
2024-08-16T00:00:00,0.9,161.3648414456348,7.8615048750000005,-311.3135068541667,4.302106225,460.51473719980146,-1.8538728329798708,2.853872832979871,55362.5,1141.0407640085675,5.53625,13.680371689589125,589048.0837786008,4442338.727942145,589048.3003708348,4442338.048622925,-109.95486644930509,40.126658911846796,daily_etw_r90,-0.9707008955921244,-7.280256716940933
2024-08-17T00:00:00,0.9,96.93892959787301,10.700851624999999,-757.0522618937499,5.752214591666667,837.5381252749562,-7.639853243163241,8.639853243163241,47537.5,968.4062043356621,4.75375,11.746772078461829,589043.9623695614,4442346.7319383165,589044.1789769868,4442346.052630225,-109.95491370931106,40.126731449161234,daily_etw_r90,-0.9707008955921244,-7.280256716940933
2024-08-18T00:00:00,0.9,158.32086394144468,16.29723125,-940.2454364439583,7.339321041666667,1074.9297480937362,-5.789564693705192,6.7895646937051914,25587.5,854.7665940288722,2.55875,6.3228089520408535,589016.6561080236,4442352.182967718,589016.8727174009,4442351.503734641,-109.95523339376054,40.12678344405802,daily_etw_r90,-0.9707008955921244,-7.280256716940933
2024-08-19T00:00:00,0.9,164.82831910197874,14.977666833333332,-82.19599167500003,5.125248312499999,226.92139563114543,-0.3767136428222017,1.3767136428222015,56787.5,1262.2539674441632,5.67875,14.032496858388665,589088.3568609881,4442377.501052527,589088.5735474095,4442376.821621497,-109.95438849727263,40.12700391764043,daily_etw_r90,-0.9707008955921244,-7.280256716940933
2024-08-20T00:00:00,0.9,163.96791321030332,12.456193333333333,-302.94348508333337,7.4617985625,446.99340639780337,-1.7261029163949588,2.7261029163949586,27012.5,697.6955262170069,2.70125,6.674934120840393,589029.0921103676,4442266.820419905,589029.3085468156,4442266.14115507,-109.95509923322957,40.12601317260086,daily_etw_r90,-0.9707008955921244,-7.280256716940933
2024-08-21T00:00:00,0.9,123.0541185632923,12.448086041666668,-296.2807804375,4.85952240625,402.0272905528757,-2.2670770815858132,3.2670770815858132,42262.5,1069.8275605729712,4.22625,10.4432911904495,589087.2489658316,4442346.604109159,589087.4655878423,4442345.924681894,-109.95440576314084,40.12672571223347,daily_etw_r90,-0.9707008955921244,-7.280256716940933
2024-08-22T00:00:00,0.9,91.17492917706939,12.601604895833333,-565.2076275437499,9.017459862499999,634.763491962486,-5.962039868763943,6.962039868763943,23312.5,1049.1168824543167,2.33125,5.7606442088696586,589113.2533615514,4442338.543953182,589113.4699757932,4442337.8644544855,-109.95410171713466,40.126650349770934,daily_etw_r90,-0.9707008955921244,-7.280256716940933
2024-08-23T00:00:00,0.9,108.98032593681536,13.483941666666666,82.26191393750001,5.73676679375,7.497703538898676,0.931201311113295,0.06879868888670508,30512.5,740.1219330881999,3.05125,7.539802956488384,589069.8544732567,4442277.870034392,589070.070946781,4442277.1906567365,-109.95461937119475,40.126108391527474,daily_etw_r90,-0.9707008955921244,-7.280256716940933
2024-08-24T00:00:00,0.9,159.06611001378704,10.340530854166666,-49.64098084395837,6.81040539375,191.55615460982875,-0.2042549767089019,1.204254976708902,18712.5,535.7716446627547,1.87125,4.623959453446584,588982.1956681182,4442367.309245895,588982.412297124,4442366.630107166,-109.95563569850461,40.12692335091309,daily_etw_r90,-0.9707008955921244,-7.280256716940933
2024-08-25T00:00:00,0.9,123.33732718115789,12.630024083333334,-975.7676513541666,4.2592526625,1082.215701789491,-7.774437767732168,8.774437767732168,27862.5,755.9797974644687,2.78625,6.884973695212048,589071.3156513933,4442393.943889863,589071.5323660871,4442393.264505296,-109.95458620567173,40.12715384190255,daily_etw_r90,-0.9707008955921244,-7.280256716940933
2024-08-26T00:00:00,0.9,150.9790209718561,7.862572312499999,-77.82546193750001,4.648803833333333,216.29310676352276,-0.432603717862509,1.4326037178625088,48337.5,1098.4062043356612,4.83375,11.944456383752799,588964.1907959912,4442334.282494815,588964.4073501716,4442333.603406781,-109.95585153697483,40.12662774777276,daily_etw_r90,-0.9707008955921244,-7.280256716940933
2024-08-27T00:00:00,0.9,141.51382875118586,6.5652452708333335,-544.2587635833333,4.739917154166666,674.4674299095192,-3.76608848662691,4.76608848662691,42487.5,1001.3351365237968,4.24875,10.498889901312584,589123.8775255079,4442325.58049911,589124.0941165602,4442324.900971408,-109.95397883390639,40.12653244756908,daily_etw_r90,-0.9707008955921244,-7.280256716940933
2024-08-28T00:00:00,0.9,148.65576223043746,6.567841541666667,-77.39127397916663,5.54000525,213.93918941793743,-0.439158403333881,1.439158403333881,27037.5,1003.9696961967038,2.70375,6.681111755380735,589050.8151227003,4442307.484437937,589051.0316510575,4442306.805112033,-109.9548387080684,40.12637717785389,daily_etw_r90,-0.9707008955921244,-7.280256716940933
2024-08-29T00:00:00,0.9,139.63919010909223,4.8868114375000005,-88.8211828208333,3.8975294708333337,219.6760320215922,-0.5731689065939991,1.573168906593999,30687.5,800.1219330882,3.06875,7.583046398270784,588969.6083591939,4442309.01872517,588969.8248627103,4442308.339623093,-109.95579144504522,40.12639959580502,daily_etw_r90,-0.9707008955921244,-7.280256716940933
2024-08-30T00:00:00,0.9,132.977815002497,3.431659960416667,-113.34137624999998,4.1698379625,238.71769332958033,-0.7951693169653733,1.7951693169653733,40887.5,1036.8986283848376,4.08875,10.103521290730646,589076.8676885407,4442240.828622539,589077.0840877035,4442240.149226433,-109.95454218465981,40.12577397569431,daily_etw_r90,-0.9707008955921244,-7.280256716940933
2024-08-31T00:00:00,0.9,134.19656466666692,3.952891585416667,-329.2643617895833,5.630790533333332,453.8772443375002,-2.382182289575694,3.382182289575694,21337.5,704.2640687119305,2.13375,5.272611080182577,589107.1247534909,4442420.246886948,589107.3415348568,4442419.567403396,-109.95416235537765,40.12738698754576,daily_etw_r90,-0.9707008955921244,-7.280256716940933
2024-09-01T00:00:00,0.9,126.95780521108237,5.210947333333333,-761.4559126666668,7.977463272916666,875.2253072714991,-5.893828274806212,6.893828274806212,33662.5,810.8326112068548,3.36625,8.318184908571578,589033.2258878808,4442320.373987313,589033.4424369182,4442319.694709533,-109.95504333685213,40.12649515099801,daily_etw_r90,-0.9707008955921244,-7.280256716940933
2024-09-02T00:00:00,0.9,129.26243796338503,6.96853425,-350.99703595624993,4.661301908333333,468.62963776130164,-2.6254123405443277,3.6254123405443277,17637.5,799.6194077712581,1.76375,4.358321168211844,589066.1447009189,4442402.499927675,589066.3614315927,4442401.8205571035,-109.95464570587765,40.127231463356125,daily_etw_r90,-0.9707008955921244,-7.280256716940933
2024-09-03T00:00:00,0.9,97.04887840160347,9.718383416666667,-138.53991358333334,6.29147446875,219.57893409952015,-1.2625602450640192,2.262560245064019,24187.5,662.3401871576788,2.41875,5.976861417781657,589038.3880442566,4442412.301104723,589038.6047858329,4442411.621810148,-109.9549700776807,40.127322693288555,daily_etw_r90,-0.9707008955921244,-7.280256716940933
2024-09-04T00:00:00,0.9,125.58373106962358,9.559976291666667,-521.502416625,4.879454133333334,632.6467172696237,-4.037648681729996,5.037648681729997,53612.5,1152.2539674441632,5.36125,13.24793727176513,589063.2031816436,4442381.165028949,589063.4198670757,4442380.485667005,-109.95468316871475,40.12703958801992,daily_etw_r90,-0.9707008955921244,-7.280256716940933
2024-09-05T00:00:00,0.9,120.3773329192254,8.465611229166667,-1616.0372339395833,2.9493227041666668,1724.9996329254755,-13.329937298768453,14.329937298768453,33612.5,781.8376618407376,3.36125,8.305829639490891,589129.8880115052,4442375.207570645,589130.1047073584,4442374.528025435,-109.95390144829769,40.126978856063275,daily_etw_r90,-0.9707008955921244,-7.280256716940933
2024-09-06T00:00:00,0.9,112.48223579205505,9.368576208333332,-797.8327392291667,2.4062907250000003,898.5401080878884,-6.988284565653655,7.988284565653654,15287.5,695.4772721475271,1.52875,3.7776235214196205,589110.7396098216,4442410.239043443,589110.9563716869,4442409.559550172,-109.95412131680762,40.12729645276871,daily_etw_r90,-0.9707008955921244,-7.280256716940933
2024-09-07T00:00:00,0.9,104.25630921013783,8.746226083333333,-598.8830693085416,2.651680991666667,691.7414714436794,-5.6350082473130065,6.6350082473130065,58712.5,1148.1118318204326,5.87125,14.508174717995061,589056.7991621807,4442304.189836323,589057.0156857693,4442303.510494006,-109.95476894092657,40.12634686593381,daily_etw_r90,-0.9707008955921244,-7.280256716940933
2024-09-08T00:00:00,0.9,77.04599943505688,8.303250854166667,-390.0993668354167,1.9873156583333333,456.8547997579736,-4.9296368806671484,5.9296368806671484,29237.5,847.1930009000653,2.92375,7.224743594930902,589044.0614071022,4442395.500854763,589044.278115748,4442394.821545064,-109.95490581865805,40.127170754081284,daily_etw_r90,-0.9707008955921244,-7.280256716940933
2024-09-09T00:00:00,0.9,48.8471058908016,10.1645119375,-389.72880833333335,1.724103335416667,426.6872989512183,-7.735160275515273,8.735160275515275,36762.5,840.1219330881997,3.67625,9.084211591574084,589037.6591555411,4442310.155406792,589037.8756848986,4442309.476117083,-109.9549927227596,40.12640263150321,daily_etw_r90,-0.9707008955921244,-7.280256716940933
2024-09-10T00:00:00,0.9,76.95865752668583,11.189435083333334,-790.3260376291668,2.6658811854166666,853.4293788871025,-10.08945252314428,11.089452523144278,41112.5,845.9797974644692,4.11125,10.159120001593731,589007.2145023649,4442337.728554071,589007.4310784857,4442337.0493474305,-109.95534618352696,40.12665423675801,daily_etw_r90,-0.9707008955921244,-7.280256716940933
2024-09-11T00:00:00,0.9,79.94233341025517,10.394627208333334,-361.9377398916667,2.1515264291666667,429.33391966442184,-4.370545258682004,5.370545258682004,33012.5,693.5533905932757,3.30125,8.157566410522664,589090.6452450252,4442234.011841318,589090.8616348702,4442233.332407295,-109.95438144962719,40.125711109695864,daily_etw_r90,-0.9707008955921244,-7.280256716940933
2024-09-12T00:00:00,0.9,107.13728777310673,6.629218270833334,-78.09163995833329,2.22770485625,176.37200460435668,-0.6462242816700184,1.6462242816700183,66487.5,1536.604255869603,6.64875,16.42941906004167,589003.29379751,4442300.931910478,589003.5102958513,4442300.252715793,-109.95539726680887,40.12632318378008,daily_etw_r90,-0.9707008955921244,-7.280256716940933
2024-09-13T00:00:00,0.9,103.37702672476354,5.589360333333333,-566.5941964291667,1.7150837,662.6667791205969,-5.410193832377439,6.410193832377439,30737.5,840.1219330881997,3.07375,7.59540166735147,589016.8806323488,4442300.945151416,589017.0971354136,4442300.2659192635,-109.95523782577128,40.12632186469477,daily_etw_r90,-0.9707008955921244,-7.280256716940933
2024-09-14T00:00:00,0.9,102.57254165164154,5.1983911874999995,43.24709711875,2.7241275083333334,51.40292583705821,0.4988627072181401,0.5011372927818599,38787.5,827.1930009000656,3.87875,9.58459998934185,589068.2103377347,4442355.739981222,589068.4269721573,4442355.060606145,-109.95462791872049,40.12681002617428,daily_etw_r90,-0.9707008955921244,-7.280256716940933
2024-09-15T00:00:00,0.9,75.62680194799619,6.802925291666667,-172.582832181875,2.1241096083333333,239.2825992298712,-2.1639920380926707,3.1639920380926707,55862.5,1005.4772721475281,5.58625,13.803924380395982,589033.6434519289,4442402.997156621,589033.8601725855,4442402.3178753415,-109.95502703898117,40.12723938481708,daily_etw_r90,-0.9707008955921244,-7.280256716940933
2024-09-16T00:00:00,0.9,92.6813869842448,7.853155645833333,-1382.2436131875,2.4840003708333334,1464.587844155078,-14.80239454556337,15.802394545563372,34812.5,950.8326112068552,3.48125,8.602356097427347,589102.8489184654,4442284.273701938,589103.0654167032,4442283.594233079,-109.95423130425296,40.12616258051775,daily_etw_r90,-0.9707008955921244,-7.280256716940933
2024-09-17T00:00:00,0.9,91.65791400952033,8.176779375,-736.1048820000001,2.302671489583333,817.2833451449371,-7.916669705793735,8.916669705793735,23962.5,802.3401871576789,2.39625,5.921262706918571,589140.3396765318,4442304.437974756,589140.5562294977,4442303.758402076,-109.95378857287183,40.12634024843314,daily_etw_r90,-0.9707008955921244,-7.280256716940933
2024-09-18T00:00:00,0.9,104.09878737432278,6.575026687499999,-566.3496262583334,1.9825709333333332,661.8908160118228,-5.358295160843403,6.358295160843403,26912.5,943.0508652763347,2.69125,6.650223582679022,589078.0135752856,4442382.393805533,589078.2302683172,4442381.714402831,-109.95450919986827,40.12704908796622,daily_etw_r90,-0.9707008955921244,-7.280256716940933
2024-09-19T00:00:00,0.9,103.40820806222378,5.944734125,-369.39812958125003,2.7016134416666664,464.1599900768071,-3.4886184450416966,4.488618445041697,52612.5,1072.7564927611058,5.26125,13.000831890151417,589065.9477231905,4442351.460541281,589066.1643479632,4442350.78117254,-109.95465506086195,40.126771716229406,daily_etw_r90,-0.9707008955921244,-7.280256716940933
2024-09-20T00:00:00,0.9,98.9494192465833,5.0966674375,-159.23334481249995,2.9283625791666665,250.15773404241656,-1.5281374660625353,2.5281374660625353,50187.5,907.6955262170072,5.01875,12.401601339738166,588947.0704210147,4442353.151237406,588947.2870085639,4442352.472195829,-109.9560498422439,40.126799530760735,daily_etw_r90,-0.9707008955921244,-7.280256716940933
2024-09-21T00:00:00,0.9,63.69029156845844,7.354285708333333,-330.50846508333336,4.517788168749999,382.3266827747085,-5.002903635065936,6.002903635065936,37737.5,796.690475583124,3.77375,9.325139338647453,588999.067708637,4442345.820176796,588999.2842987694,4442345.140992334,-109.95544066945155,40.126727989339905,daily_etw_r90,-0.9707008955921244,-7.280256716940933
2024-09-22T00:00:00,0.9,109.24711834655223,7.565633552083334,53.846418606250005,3.2508045312499996,44.58426165696889,0.5918953073385488,0.4081046926614513,26312.5,771.8376618407377,2.63125,6.501960353710794,589076.9848171487,4442322.567171219,589077.2013858085,4442321.887772797,-109.95452952932501,40.12651027254319,daily_etw_r90,-0.9707008955921244,-7.280256716940933
2024-09-23T00:00:00,0.9,88.73290759288564,6.305783666666667,-351.4666086520833,3.5193840562500007,430.3743485220523,-3.850222540848628,4.850222540848628,30037.5,1099.116882454317,3.00375,7.422427900221871,589048.502343406,4442323.582991543,589048.7189043635,4442322.903671579,-109.95486362705067,40.12652244023902,daily_etw_r90,-0.9707008955921244,-7.280256716940933
2024-09-24T00:00:00,0.9,97.24212708712423,5.361946083333334,-560.5980739854167,3.421887854166666,649.0563671350409,-5.674641809855906,6.674641809855906,48512.5,1246.8986283848335,4.85125,11.987699825535199,589069.0867845144,4442342.355760667,589069.3033914852,4442341.676383512,-109.95461948076347,40.126689366900635,daily_etw_r90,-0.9707008955921244,-7.280256716940933
2024-09-25T00:00:00,0.9,96.66238044772344,5.7525329375,53.75459672916666,5.523855066666666,31.63139571439011,0.672764155322071,0.32723584467792904,32162.5,804.0559159102171,3.21625,7.947526836151009,589077.7730168398,4442318.586417853,589077.9895775185,4442317.907017356,-109.95452082931601,40.12647433000373,daily_etw_r90,-0.9707008955921244,-7.280256716940933
2024-09-26T00:00:00,0.9,97.07227581576346,5.598194187499999,-358.1411534479166,3.464455995833333,446.15077908034675,-3.596067984715949,4.596067984715949,19487.5,591.6295090390236,1.94875,4.8154661241972105,589160.5749018195,4442341.420809484,589160.7915382739,4442340.74118041,-109.95354600704937,40.12667124792064,daily_etw_r90,-0.9707008955921244,-7.280256716940933
2024-09-27T00:00:00,0.9,90.27575304013128,5.026551979166666,-765.6935322916667,4.302282679166667,846.6404506734646,-8.378381482978028,9.378381482978028,39962.5,1096.3961030678959,3.99625,9.874948812737962,589055.3899206794,4442322.872203818,589055.6064825347,4442322.192864893,-109.95478290034629,40.126515307893264,daily_etw_r90,-0.9707008955921244,-7.280256716940933
2024-09-28T00:00:00,0.9,91.15734299480744,5.276288208333333,-572.5773492266667,3.7015614812499997,654.7568425318908,-6.182710915226956,7.182710915226956,65237.5,1298.111831820432,6.52375,16.12053733302453,589077.1298072763,4442323.984158333,589077.3463789235,4442323.304759476,-109.95452763232157,40.12652302154714,daily_etw_r90,-0.9707008955921244,-7.280256716940933
2024-09-29T00:00:00,0.9,78.66835715225918,6.586087520833334,-149.48864727083333,5.395922922916667,216.1749939793425,-1.7479281607590358,2.747928160759036,16212.5,514.5584412271583,1.62125,4.006195999412304,589008.3992615901,4442364.888464777,589008.6158945248,4442364.209254034,-109.95532853489614,40.126898770641716,daily_etw_r90,-0.9707008955921244,-7.280256716940933
2024-09-30T00:00:00,0.9,74.89661292710838,5.559329750000001,122.829224125,3.2146435229166666,-56.70658447080828,1.7571314943974412,-0.7571314943974412,20187.5,591.6295090390237,2.01875,4.988439891326809,589006.2964596574,4442347.813771289,589006.5130564101,4442347.134566864,-109.95535556584494,40.12674518263301,daily_etw_r90,-0.9707008955921244,-7.280256716940933
2024-10-01T00:00:00,0.9,72.80348534122126,3.1485783124999998,-1415.6879601041667,3.3669291437499993,1481.975937989138,-19.355837787755537,20.355837787755537,60187.5,1186.1879502661818,6.01875,14.872655155875286,589057.8431184357,4442352.524550517,589058.0597426378,4442351.845204057,-109.95475002081888,40.1267821594351,daily_etw_r90,-0.9707008955921244,-7.280256716940933
2024-10-02T00:00:00,0.9,78.37706867766973,3.4304007708333337,-583.9135601479167,3.412955902083333,655.4472721526697,-7.362742868685673,8.362742868685674,37587.5,1007.1930009000657,3.75875,9.288073531405397,589046.8680200652,4442338.497248402,589047.0846114034,4442337.817932535,-109.95488074792289,40.1266569624948,daily_etw_r90,-0.9707008955921244,-7.280256716940933
2024-10-03T00:00:00,0.9,79.8459883900194,3.392124354166667,-592.8423547395834,3.3378650125,665.9583537629361,-7.340536164571789,8.340536164571791,62012.5,1172.756492761105,6.20125,15.32362247732031,589038.2689621013,4442348.287833686,589038.4855708026,4442347.608541228,-109.95498030623394,40.12674606777487,daily_etw_r90,-0.9707008955921244,-7.280256716940933
2024-10-04T00:00:00,0.9,73.93634518330335,3.4888565208333335,-159.26219084166664,3.1051678291666662,226.60451167496996,-2.064859523596561,3.0648595235965606,37512.5,801.837661840738,3.75125,9.269540627784368,588986.6907830656,4442331.086662354,588986.907338336,4442330.407512454,-109.95558794284241,40.1265965783334,daily_etw_r90,-0.9707008955921244,-7.280256716940933
2024-10-05T00:00:00,0.9,57.55309214127243,4.6886201875,138.82640354166665,2.473122239583333,-88.43505382747756,2.536582145932331,-1.536582145932331,11687.5,439.705627484772,1.16875,2.888044147610258,588997.2973274683,4442326.963949542,588997.5138778208,4442326.284770558,-109.95546404481391,40.1265583178667,daily_etw_r90,-0.9707008955921244,-7.280256716940933
2024-10-06T00:00:00,0.9,54.349783738934775,4.2764440625,-803.9462073812501,2.55648846875,851.4630585889349,-14.666355963417917,15.666355963417917,29412.5,800.8326112068548,2.94125,7.2679870367133015,589110.8901971161,4442377.5929872235,589111.1068914204,4442376.913494219,-109.9541240571404,40.127002357864605,daily_etw_r90,-0.9707008955921244,-7.280256716940933
2024-10-07T00:00:00,0.9,67.81609915855041,4.019654729166667,-387.96333096875,2.9311316291666665,448.828643768967,-5.618319976199599,6.618319976199599,31487.5,671.1269837220826,3.14875,7.780730703561754,588983.7850754845,4442343.6316592535,588984.0016558265,4442342.95251694,-109.95562031138302,40.12670989251341,daily_etw_r90,-0.9707008955921244,-7.280256716940933
2024-10-08T00:00:00,0.9,48.537913644074024,5.617500437500001,-584.0423843770833,5.334036610416667,621.6287609732407,-11.807076248303785,12.807076248303785,36412.5,755.2691193458138,3.64125,8.997724708009285,588991.0869909287,4442331.285313667,588991.3035481226,4442330.606151652,-109.95553632648445,40.12659790251007,daily_etw_r90,-0.9707008955921244,-7.280256716940933
2024-10-09T00:00:00,0.9,67.6620940106338,5.390392625,-1005.9178475999998,2.979309983333333,1065.2102390023003,-14.743087094450425,15.743087094450425,38137.5,994.4722215136449,3.81375,9.423981491292938,589111.5345091351,4442362.99004265,589111.7511734167,4442362.310548177,-109.95411851241163,40.12687074478406,daily_etw_r90,-0.9707008955921244,-7.280256716940933
2024-10-10T00:00:00,0.9,58.74648927646273,4.572298541666666,-389.480614543125,2.723646789583333,440.93115848833776,-6.505659723993081,7.505659723993081,22512.5,759.4112549695446,2.25125,5.562959903578689,589118.3123834727,4442346.871993301,589118.529016698,4442346.192480502,-109.95404120017565,40.126724833382404,daily_etw_r90,-0.9707008955921244,-7.280256716940933
2024-10-11T00:00:00,0.9,65.17226333331895,3.818922583333334,-372.9646225375,7.404726020833333,426.9132372666523,-5.550535694659469,6.550535694659469,27387.5,634.0559159102169,2.73875,6.767598638945535,588996.1183016618,4442383.491414234,588996.3349690438,4442382.812236685,-109.95547008590935,40.127067647977945,daily_etw_r90,-0.9707008955921244,-7.280256716940933
2024-10-12T00:00:00,0.9,65.13488362201586,3.710699354166667,-794.4357988833334,3.5140851520833336,852.3458979990993,-12.085858922314905,13.085858922314905,38187.5,1039.8275605729723,3.81875,9.436336760373623,589049.491213474,4442318.094226026,589049.7077633851,4442317.414903485,-109.95485278008776,40.12647289213991,daily_etw_r90,-0.9707008955921244,-7.280256716940933
2024-10-13T00:00:00,0.9,62.392178247651664,3.6515583541666667,-589.8281470416667,3.387024183333333,645.1817427518184,-9.340747203774729,10.340747203774729,19987.5,854.974746830586,1.99875,4.939018815004067,589027.1755596297,4442301.3020819975,589027.3920669928,4442300.622821446,-109.9551169673129,40.126323989951025,daily_etw_r90,-0.9707008955921244,-7.280256716940933
2024-10-14T00:00:00,0.9,65.5336273683936,5.212264354166667,-588.2509277729167,4.119470083333334,644.4528207038103,-8.83392567423523,9.83392567423523,31287.5,681.1269837220827,3.12875,7.731309627239011,588987.1923529025,4442322.6963063665,588987.4088909097,4442322.017155364,-109.9555832138038,40.12652094403841,daily_etw_r90,-0.9707008955921244,-7.280256716940933
2024-10-15T00:00:00,0.9,61.12767442278837,5.529195270833333,-586.7691840625,4.431927708333333,637.9357355061217,-9.436119834918824,10.436119834918822,15187.5,559.9137802864858,1.51875,3.7529129832582497,589006.6544333859,4442312.029659291,589006.8709559395,4442311.3504549945,-109.9553562998878,40.1264227977146,daily_etw_r90,-0.9707008955921244,-7.280256716940933
2024-10-16T00:00:00,0.9,57.58576378551183,6.116532333333335,-156.7404607083333,4.112427479166667,204.09726468134514,-2.5442312694078493,3.5442312694078493,8562.5,507.4873734152925,0.85625,2.1158398300674084,589005.565835867,4442326.371378273,589005.7823878329,4442325.692176527,-109.95536709664482,40.12655210466052,daily_etw_r90,-0.9707008955921244,-7.280256716940933
2024-10-17T00:00:00,0.9,15.19599709324424,-1868.1783883106061,-2258.8679108659094,-2078.805748584375,6221.048044854135,-408.38728842083407,409.387288420834,39412.5,982.548339959393,3.94125,9.73904085285042,589079.4735993366,4442332.425269521,589079.6901892879,4442331.745864005,-109.95449896321642,40.126598811623126,daily_etw_r90,-0.9707008955921244,-7.280256716940933
2024-10-18T00:00:00,0.9,46.67113083384556,-3326.0204795624995,-4773.8836291125,-3745.6601867208337,11892.23542622968,-253.80924103954897,254.80924103954897,33637.5,946.6904755831242,3.36375,8.312007274031235,589079.018242103,4442375.864512318,589079.2349219429,4442375.185107011,-109.95449831132827,40.12699016498785,daily_etw_r90,-0.9707008955921244,-7.280256716940933
2024-10-19T00:00:00,0.9,54.1245239481186,-409.10899604687506,-3919.7698521470834,-410.24476973958326,4793.248141881661,-87.55963604365849,88.55963604365849,63037.5,1073.969696196703,6.30375,15.576905493474364,589010.4718144026,4442337.443699986,589010.6883910513,4442336.764484383,-109.95530799861945,40.126651325930354,daily_etw_r90,-0.9707008955921244,-7.280256716940933
2024-10-20T00:00:00,0.9,18.09900625451459,8.528332875000002,-4558.031942333334,5.54376980625,4562.058845906598,-251.06128898754565,252.06128898754562,47887.5,937.9036790187206,4.78875,11.833258962026628,588990.9845505902,4442343.044873595,588991.201132183,4442342.3657114785,-109.95553590718009,40.12670384470309,daily_etw_r90,-0.9707008955921244,-7.280256716940933
2024-10-21T00:00:00,0.9,54.084019639275546,-617.2389823374999,-4972.6181695,-615.0619381770833,6259.003109653859,-114.72740250076757,115.72740250076757,59437.5,1073.2590180780476,5.94375,14.687326119665002,589005.2181707122,4442357.4813399995,589005.4347871753,4442356.802138242,-109.95536688625789,40.12683238324863,daily_etw_r90,-0.9707008955921244,-7.280256716940933
2024-10-22T00:00:00,0.9,48.134522891543305,8.921921208333334,-4763.254932333333,2.6186191270833334,4799.84891488946,-98.7173884055001,99.7173884055001,28862.5,711.8376618407376,2.88625,7.13207907682576,588989.2940592367,4442362.9157231515,588989.5106815387,4442362.2365650395,-109.95555300512673,40.12688302232371,daily_etw_r90,-0.9707008955921244,-7.280256716940933
2024-10-23T00:00:00,0.9,55.600628208589136,8.9487958125,-4556.021013097917,4.2267893375000005,4598.446056156506,-81.70492985987777,82.70492985987777,44312.5,907.1930009000655,4.43125,10.94985722275761,588975.5702627865,4442342.651861397,588975.7868382748,4442341.972741735,-109.95571684645412,40.12670193576141,daily_etw_r90,-0.9707008955921244,-7.280256716940933
2024-10-24T00:00:00,0.9,49.31031478222218,5.500154229166667,-2425.443384933333,2.7480836895833334,2466.5054617968053,-49.0200713114501,50.020071311450096,39037.5,899.6194077712585,3.90375,9.646376334745279,589016.6049557944,4442365.440905201,589016.8215926823,4442364.761671865,-109.95523216545519,40.12690287835094,daily_etw_r90,-0.9707008955921244,-7.280256716940933
2024-10-25T00:00:00,0.9,43.35438614673348,5.10322075,-389.99495214583334,1.9113843895833336,426.33473315298346,-8.83371628674543,9.83371628674543,34112.5,1186.396103067894,3.41125,8.429382330297747,589065.382335722,4442311.914215689,589065.5988782948,4442311.234849508,-109.9546671528918,40.12641553876485,daily_etw_r90,-0.9707008955921244,-7.280256716940933
2024-10-26T00:00:00,0.9,62.446180979489576,6.164271062499999,-1636.4138830854165,2.662243677083333,1690.0335493253226,-26.0638415803268,27.0638415803268,44462.5,961.3351365237968,4.44625,10.986923029999666,589009.6936391031,4442336.950937994,589009.9102144613,4442336.27172455,-109.9553171983763,40.12664696946085,daily_etw_r90,-0.9707008955921244,-7.280256716940933
2024-10-27T00:00:00,0.9,44.398088333333334,6.864979750000001,-598.9745893962083,4.212249602083333,632.2954483774583,-13.241501652735385,14.241501652735387,21762.5,566.2741699796962,2.17625,5.3776308673684055,588979.9954848366,4442342.243406611,588980.2120609931,4442341.564274777,-109.9556649732379,40.126697788048304,daily_etw_r90,-0.9707008955921244,-7.280256716940933
2024-10-28T00:00:00,0.9,38.267383216666666,-199.24319202083328,-1231.3203471819445,-204.82745257256946,1673.658374992014,-42.73589815420361,43.73589815420361,58912.5,966.1879502661831,5.89125,14.557595794317802,589055.9448816588,4442382.769157522,589056.1615679414,4442382.089815496,-109.95476812317229,40.127054807015554,daily_etw_r90,-0.9707008955921244,-7.280256716940933
2024-10-29T00:00:00,0.9,10.524333645833332,5.897825458333333,-154.78647441666666,2.1779973562499997,157.23498524791665,-13.940136880795986,14.940136880795986,15712.5,537.4873734152926,1.57125,3.882643308605448,588999.0464553467,4442323.298211371,588999.2629986856,4442322.619027684,-109.95544402450358,40.12652511136576,daily_etw_r90,-0.9707008955921244,-7.280256716940933
2024-10-30T00:00:00,0.9,61.80774408125,4.621203854166667,39.969173089854166,2.099319775,15.11804736222917,0.7554020521707508,0.24459794782924915,24912.5,673.5533905932755,2.49125,6.156012819451598,589076.5268536258,4442279.027261151,589076.7433318644,4442278.3478650525,-109.95454091249324,40.12611810908287,daily_etw_r90,-0.9707008955921244,-7.280256716940933
2024-10-31T00:00:00,0.9,44.765158125,3.778988041666667,-1229.3290952145833,2.691152314583333,1267.6241129833331,-27.317203961252247,28.317203961252247,23062.5,673.5533905932755,2.30625,5.698867863466231,588990.3479243022,4442333.220607462,588990.5644852639,4442332.541447419,-109.95554473250277,40.12661541406446,daily_etw_r90,-0.9707008955921244,-7.280256716940933
2024-11-01T00:00:00,0.9,44.648768241666666,4.1150273749999995,-1443.1323489375,2.4572848208333333,1481.2088049833333,-32.174684617638675,33.174684617638675,18287.5,712.8427124746203,1.82875,4.518939666260756,589114.6090090784,4442333.306349652,589114.825612939,4442332.62684733,-109.95408653194221,40.126603025226316,daily_etw_r90,-0.9707008955921244,-7.280256716940933
2024-11-02T00:00:00,0.9,51.155129124999995,4.891919416666666,-390.5332362333334,2.421103525,434.37534241666674,-7.491335079132533,8.491335079132533,41087.5,883.0508652763348,4.10875,10.152942367053388,589069.0281477685,4442371.978415731,589069.2448161399,4442371.2990379995,-109.95461608081749,40.12695621701308,daily_etw_r90,-0.9707008955921244,-7.280256716940933
2024-11-03T00:00:00,0.9,16.380954562500005,5.328542229166667,-181.25961412499998,2.461397541666667,189.85062891666664,-10.58971708225606,11.58971708225606,30112.5,726.4823227814102,3.01125,7.440960803842899,588985.1487730276,4442337.039953332,588985.3653401396,4442336.360807483,-109.95560521734845,40.1266503694061,daily_etw_r90,-0.9707008955921244,-7.280256716940933
2024-11-04T00:00:00,0.9,40.83170104166667,3.1053900104166665,44.66957813125,-207.08281408125,200.13954698125,-3.9015725986291336,4.901572598629134,17912.5,555.7716446627549,1.79125,4.426275148155614,589011.0799012665,4442315.4162096055,589011.2964323797,4442314.7369930055,-109.95530390064937,40.126452835619865,daily_etw_r90,-0.9707008955921244,-7.280256716940933
2025-02-20T00:00:00,0.9,29.432254979166668,-412.10960889583333,-3533.1947697178475,-194.34232374166663,4169.078957334515,-140.6500013432731,141.6500013432731,14437.5,487.4873734152925,1.44375,3.5675839470479658,589008.4213619303,4442307.326418772,589008.6378753246,4442306.6472097505,-109.95533621385945,40.126380243381114,daily_etw_r90,-0.9707008955921244,-7.280256716940933
2025-06-03T00:00:00,0.9,156.34771104166666,5.006523645833334,83.78289610416667,0.9895888770833334,66.56870241458333,0.5742265622498127,0.4257734377501873,9412.5,405.56349186104103,0.94125,2.325879404439063,589001.18421959,4442323.356769229,589001.4007637863,4442322.677579651,-109.95541893005105,40.126525412571866,daily_etw_r90,-0.9707008955921244,-7.280256716940933
2025-06-04T00:00:00,0.9,148.19564333333332,7.399793541666665,-755.7867499520831,2.5909533729166667,893.9916463708331,-5.032509635657754,6.032509635657754,33712.5,903.259018078048,3.37125,8.330540177652262,589122.522841127,4442362.731852017,589122.739508635,4442362.0523273125,-109.95398960086206,40.126867254284754,daily_etw_r90,-0.9707008955921244,-7.280256716940933
2025-06-05T00:00:00,0.9,100.58739208125,10.98534122916667,-979.2223908749999,2.8034415708333333,1066.0210001562498,-9.597958432953165,10.597958432953163,50012.5,1093.7615433949882,5.00125,12.358357897955766,589092.6002427149,4442292.745959806,589092.8167549571,4442292.066519034,-109.95435040093358,40.1262399855143,daily_etw_r90,-0.9707008955921244,-7.280256716940933
2025-06-06T00:00:00,0.9,128.52274943749998,10.644486395833333,-572.4229472718749,3.487282079166667,686.813928234375,-4.343909395343036,5.343909395343036,12262.5,490.9188309203687,1.22625,3.030129742038142,589145.619057541,4442307.301748741,589145.835618257,4442306.622161454,-109.9537262247001,40.12636548586351,daily_etw_r90,-0.9707008955921244,-7.280256716940933
2025-06-07T00:00:00,0.9,192.2892443541667,7.908781916666666,148.01528551875,1.5667707604166665,34.798406158333364,0.8190309277296854,0.18096907227031453,24962.5,697.193000900065,2.49625,6.168368088532284,589017.0807322989,4442314.597265156,589017.2972637794,4442313.918032041,-109.95523359472743,40.12644482317741,daily_etw_r90,-0.9707008955921244,-7.280256716940933
2025-06-08T00:00:00,0.9,116.10628333333334,7.7227575,-303.31509620833333,5.259683122916667,406.43893891875,-2.5005766031790984,3.500576603179099,36362.5,1263.6753236814707,3.63625,8.985369438928599,589065.0021604621,4442355.397660698,589065.2187930748,4442354.71829446,-109.9546656136392,40.12680728236898,daily_etw_r90,-0.9707008955921244,-7.280256716940933
2025-06-09T00:00:00,0.9,105.23899767291668,7.7420219375,90.20528193749999,2.5595751,4.73211869791669,0.9550345518053666,0.04496544819463349,45512.5,919.4112549695452,4.55125,11.246383680694063,589063.6129835858,4442333.983210029,589063.8295713147,4442333.303848161,-109.95468487058908,40.126614525959965,daily_etw_r90,-0.9707008955921244,-7.280256716940933
2025-06-10T00:00:00,0.9,78.77880220833335,7.720719187499999,-546.4080972916668,2.5237408875000003,614.9424394250001,-6.805937919680004,7.805937919680003,8537.5,428.4924240491754,0.85375,2.1096621955270654,589065.8468096731,4442409.068300046,589066.0635538656,4442408.38893013,-109.95464829517843,40.12729066347791,daily_etw_r90,-0.9707008955921244,-7.280256716940933
2025-06-11T00:00:00,0.9,158.48813145833336,8.345497770833333,-1147.5245817500002,6.0895466166666665,1291.5776688208334,-7.149365235972828,8.149365235972828,55312.5,1104.6803743153575,5.53125,13.66801642050844,589076.780041951,4442304.8086588485,589076.9965737256,4442304.129261423,-109.95453438324243,40.12635032373923,daily_etw_r90,-0.9707008955921244,-7.280256716940933
2025-06-12T00:00:00,0.9,185.83765979166665,7.329655458333334,-309.36488865416663,4.516970237500001,483.35592275,-1.600957864470884,2.600957864470884,45012.5,863.5533905932757,4.50125,11.122830989887207,589035.9313177788,4442334.187623051,589036.1478964156,4442333.508337426,-109.95500968341005,40.12661929917112,daily_etw_r90,-0.9707008955921244,-7.280256716940933
2025-06-13T00:00:00,0.9,193.36465583333333,5.429891916666667,-98.85470929166665,4.9845765166666665,281.8048966916666,-0.45737542094850336,1.4573754209485033,14662.5,496.2741699796961,1.46625,3.623182657911051,588982.612357564,4442347.489318319,588982.8289455217,4442346.810179107,-109.95563354125619,40.12674476682509,daily_etw_r90,-0.9707008955921244,-7.280256716940933
2025-06-14T00:00:00,0.9,190.66421902083334,5.087362583333333,-706.8432114958333,4.662895902083332,887.75717203125,-3.656128856218414,4.656128856218414,29812.5,785.2691193458134,2.98125,7.3668291893587865,589000.323099431,4442346.623643034,589000.5396916629,4442345.944455092,-109.95542582676916,40.126735094160296,daily_etw_r90,-0.9707008955921244,-7.280256716940933
2025-06-15T00:00:00,0.9,182.1424955,4.5579975416666665,-64.90368341666664,6.7295188645833335,235.75866251041663,-0.29436385431765777,1.2943638543176577,55887.5,1062.253967444165,5.58875,13.810102014936325,588965.2618123974,4442334.508414547,588965.4783674146,4442333.829323554,-109.95583893757875,40.12662966955574,daily_etw_r90,-0.9707008955921244,-7.280256716940933
2025-06-16T00:00:00,0.9,121.131656625,4.213882354166667,-90.3515571272917,6.395931458333333,200.8733999397917,-0.6583063877484694,1.6583063877484694,23362.5,670.6244584051409,2.33625,5.772999477950345,589097.6407467901,4442273.25069362,589097.857220383,4442272.571239379,-109.95429394275689,40.126063836046555,daily_etw_r90,-0.9707008955921244,-7.280256716940933
2025-06-17T00:00:00,0.9,210.77175429166664,4.212175947916667,210.6537683125,4.685914929166667,-8.780104897916715,1.0416569332424248,-0.041656933242424775,20962.5,589.913780286486,2.09625,5.179946562077435,588997.4203771274,4442325.9490209725,588997.6369254135,4442325.269841681,-109.95546274079152,40.12654916225884,daily_etw_r90,-0.9707008955921244,-7.280256716940933
2025-06-18T00:00:00,0.9,203.40087416666665,4.276235604166667,-521.332168625,5.5290428729166665,714.9277643145833,-2.5148706574818926,3.5148706574818926,37537.5,973.2590180780484,3.75375,9.27571826232471,589019.9292151879,4442331.665052368,589020.1457830877,4442330.9858108945,-109.95519781411576,40.12659827000092,daily_etw_r90,-0.9707008955921244,-7.280256716940933
2025-06-19T00:00:00,0.9,196.94863020833336,3.5739750874999996,-55.93273620624999,4.541435358333334,244.76595596875,-0.24279085216198368,1.2427908521619837,34137.5,879.1168824543173,3.41375,8.43555996483809,588988.2354280772,4442375.29005484,588988.452075731,4442374.610899234,-109.95556372192046,40.1269946036448,daily_etw_r90,-0.9707008955921244,-7.280256716940933
2025-06-20T00:00:00,0.9,198.13303958333336,1.8586077437500002,166.29292137500002,5.403136091666667,24.57837437291667,0.8759501473121085,0.12404985268789145,26737.5,662.3401871576791,2.67375,6.6069801408966224,589041.4872097494,4442268.447240293,589041.7036538796,4442267.767941193,-109.95495355507741,40.12602651461262,daily_etw_r90,-0.9707008955921244,-7.280256716940933
2025-06-21T00:00:00,0.9,186.52302666666665,1.7937257791666668,-453.06238518749996,4.005872114583333,633.7858139604166,-2.397895827055437,3.3978958270554367,21062.5,608.1980515339476,2.10625,5.204657100238807,589016.607346404,4442265.971012218,589016.8237767492,4442265.291781877,-109.95524585630396,40.1260068429133,daily_etw_r90,-0.9707008955921244,-7.280256716940933
2025-06-22T00:00:00,0.9,183.73741764520832,2.2096445874999997,-211.60684967291664,3.2795016145833333,389.85512111604163,-1.1218058145828558,2.121805814582856,45637.5,1007.9036790187208,4.56375,11.277271853395778,589013.10456205,4442380.103718718,589013.3212281895,4442379.424494567,-109.95527122006314,40.12703533309033,daily_etw_r90,-0.9707008955921244,-7.280256716940933
2025-06-23T00:00:00,0.9,191.1872835416667,0.9985753041666666,-982.0726594916669,4.6235363312499995,1167.637831397917,-5.107298611957348,6.107298611957348,48212.5,989.6194077712589,4.82125,11.913568211051086,589109.591243268,4442389.051619972,589109.8079608615,4442388.3721303,-109.95413771821613,40.12710571604903,daily_etw_r90,-0.9707008955921244,-7.280256716940933
2025-06-24T00:00:00,0.9,198.84247358333332,1.9152674979166664,-92.11131375000001,3.6948250666666667,285.34369476874997,-0.4350238639993818,1.4350238639993818,10762.5,456.27416997969635,1.07625,2.659471669617574,589136.8524410136,4442288.104398923,589137.0689589678,4442287.424836162,-109.95383175073319,40.12619348364452,daily_etw_r90,-0.9707008955921244,-7.280256716940933
2025-06-25T00:00:00,0.9,171.15212765208335,2.707183020833334,-513.3598812041668,6.3655530125,675.4392728229168,-2.94642638738295,3.94642638738295,65537.5,1350.7463914933371,6.55375,16.194668947508642,589025.4971580375,4442336.260604229,589025.713737392,4442335.581347281,-109.95513184109882,40.12663907767362,daily_etw_r90,-0.9707008955921244,-7.280256716940933
2025-06-26T00:00:00,0.9,205.92174541666668,2.5618624479166665,-951.1131502000002,-202.1941237208333,1356.6671568895836,-5.588265625587394,6.588265625587394,21862.5,673.050865276334,2.18625,5.402341405529777,589014.5137004094,4442240.563656369,589014.7300772647,4442239.884432585,-109.9552739287773,40.12577819242718,daily_etw_r90,-0.9707008955921244,-7.280256716940933
2023-09-01T00:00:00,0.9,57.46390719246879,5.901449955974843,-911.9502872951781,-60.631060086792466,1024.1438046184644,-16.822383730159732,17.82238373015973,60662.5,1045.6854249492412,6.06625,14.990030212141798,589037.6352091385,4442319.330026653,589037.8517575277,4442318.650736751,-109.95499173810377,40.126485279966616,monthly_etw_r90,-1.339921080363177,-106.52372588887256
2023-10-01T00:00:00,0.9,58.287735337150295,6.240711489247311,-946.8644544612836,2.1635610491935484,996.747917259993,-16.10047425062173,17.10047425062173,54912.5,967.9036790187208,5.49125,13.569174267862955,589025.5131976561,4442348.009175744,589025.7298014037,4442347.329918409,-109.9551300323297,40.12674490832651,monthly_etw_r90,-1.339921080363177,-106.52372588887256
2023-11-01T00:00:00,0.9,19.73214509978677,-148.58465359344908,-1627.755542385418,-150.99943002503474,1947.0717711036887,-97.67511926641616,98.67511926641616,54712.5,955.4772721475277,5.47125,13.519753191540213,589011.2753784495,4442349.317077342,589011.4919800321,4442348.637859165,-109.95529693138536,40.126758197480505,monthly_etw_r90,-1.339921080363177,-106.52372588887256
2023-12-01T00:00:00,0.9,11.085645838732264,-171.4321433956317,-3306.455058778763,-173.15132578108535,3662.1241737942128,-329.348292473775,330.348292473775,40162.5,850.6244584051412,4.01625,9.924369889060705,588999.240835848,4442346.731397597,588999.4574279336,4442346.05221263,-109.95543851216789,40.12673617938617,monthly_etw_r90,-1.339921080363177,-106.52372588887256
2024-01-01T00:00:00,0.9,16.03739634638441,-191.78649127569153,-3697.513734175149,-193.8257552118421,4099.163377009067,-254.6003037197003,255.6003037197003,48887.5,900.1219330882004,4.88875,12.08036434364034,589007.7355644265,4442346.234586642,589007.9521583923,4442345.555378303,-109.95533889587162,40.12673080482616,monthly_etw_r90,-1.339921080363177,-106.52372588887256
2024-02-01T00:00:00,0.9,35.346882832075224,-348.1032464509249,-2172.2249377523735,-321.7124422464909,2877.3875092818644,-80.40427892755521,81.40427892755521,44537.5,838.9087296526036,4.45375,11.005455933620693,589011.5793209753,4442353.390650765,589011.7959311213,4442352.711431625,-109.95529280284327,40.126794860476274,monthly_etw_r90,-1.339921080363177,-106.52372588887256
2024-03-01T00:00:00,0.9,72.6308674796114,-190.073031114405,-970.5778719778673,-199.55701958087226,1432.838790152756,-18.72768383297881,19.72768383297881,54387.5,924.9747468305861,5.43875,13.439443942515757,589035.9747497505,4442329.013041462,589036.1913176635,4442328.333755864,-109.95500988758039,40.126572681405,monthly_etw_r90,-1.339921080363177,-106.52372588887256
2024-04-01T00:00:00,0.9,131.1557979907258,-1.6476046571759266,-366.06204213702426,-11.011230812199074,509.8766755971251,-2.8875648915893075,3.8875648915893075,62087.5,1060.3300858899133,6.20875,15.342155380941337,589030.1608953772,4442337.745925465,589030.3774794172,4442337.066655632,-109.9550769077902,40.12665196377402,monthly_etw_r90,-1.339921080363177,-106.52372588887256
2024-05-01T00:00:00,0.9,158.1053289167683,-55.17233339284647,-367.9045058192145,-83.99553906846837,665.1777071972977,-3.2071808189809246,4.207180818980924,68312.5,1062.0458146424514,6.83125,16.880386381486694,589046.037648308,4442339.929014459,589046.254242331,4442339.24970084,-109.95489029470487,40.126669947934765,monthly_etw_r90,-1.339921080363177,-106.52372588887256
2024-06-01T00:00:00,0.9,165.30005526328958,1.5941720562037036,-508.0348941938889,-1.2257102520833338,672.966487653058,-3.071181262348391,4.071181262348391,64687.5,1014.4722215136452,6.46875,15.98462937313699,589065.0057126844,4442335.717844416,589065.2223044896,4442335.038478667,-109.95466828770871,40.12663000419275,monthly_etw_r90,-1.339921080363177,-106.52372588887256
2024-07-01T00:00:00,0.9,166.74231146228956,5.210550304435484,-483.0724895422446,4.841486774596774,639.762763925502,-2.836835163882148,3.836835163882148,59212.5,974.9747468305859,5.92125,14.631727408801916,589068.623994654,4442353.445830346,589068.8406244616,4442352.766454189,-109.95462338109277,40.126789316407944,monthly_etw_r90,-1.339921080363177,-106.52372588887256
2024-08-01T00:00:00,0.9,130.63112031744024,4.5617759369623645,-486.80094248883506,-8.200553581406806,621.0708404507197,-3.7543865423605505,4.7543865423605505,56662.5,973.9696961967034,5.66625,14.00160868568695,589075.0303154624,4442336.055457521,589075.2469114119,4442335.376064155,-109.95455060359149,40.126631983472386,monthly_etw_r90,-1.339921080363177,-106.52372588887256
2024-09-01T00:00:00,0.9,95.53057891923763,7.211432394791667,-452.09116772619444,3.394954852638889,537.0153593980015,-4.621397519761698,5.621397519761697,64637.5,1043.2590180780478,6.46375,15.972274104056304,589074.6268987324,4442342.459473562,589074.8435078205,4442341.780081149,-109.95455445381141,40.12668971424202,monthly_etw_r90,-1.339921080363177,-106.52372588887256
2024-10-01T00:00:00,0.9,54.30187640391877,-202.75471943370908,-1493.6116190594303,-224.66187653174285,1975.330091428801,-35.37682935181681,36.376829351816816,55237.5,953.76154339499,5.52375,13.649483516887411,589018.8548138981,4442352.102058496,589019.071423861,4442351.4228193695,-109.9552076033046,40.12678248243101,monthly_etw_r90,-1.339921080363177,-106.52372588887256
2024-11-01T00:00:00,0.9,27.56900383472222,-100.74389001908459,-1807.2713342297566,-108.81352526703598,2044.3977533505995,-73.15566284537819,74.15566284537819,42137.5,979.1168824543172,4.21375,10.412403017747785,589072.8839475921,4442342.427499395,589073.1005560148,4442341.748111783,-109.95457491156648,40.12668961086616,monthly_etw_r90,-1.339921080363177,-106.52372588887256
2025-02-01T00:00:00,0.9,-2278.4658468083862,-2557.1657538925233,-3891.821248964659,-2550.6805093803932,6721.201665429188,3.949880365704874,-2.949880365704874,14437.5,487.4873734152925,1.44375,3.5675839470479658,589008.4213619303,4442307.326418772,589008.6378753246,4442306.6472097505,-109.95533621385945,40.126380243381114,monthly_etw_r90,-1.339921080363177,-106.52372588887256
2025-06-01T00:00:00,0.9,162.96615195345137,5.159525061319444,-348.26927658004166,-2.4436288605555525,508.5195323327291,-2.1203997040930282,3.1203997040930282,68612.5,1101.040764008567,6.86125,16.954517995970807,589072.7219226478,4442342.514454293,589072.938531196,4442341.835067126,-109.95457680091108,40.12669041132974,monthly_etw_r90,-1.339921080363177,-106.52372588887256
